time,date,itemid,price,discount,price_before_discount,stock,sold,item_status,cmt_count,liked_count,source,url
1685983432,2023-06-05 23:43:52,21643101901,49232833,,0,2,1,normal,24,0,shopee,
1685983498,2023-06-05 16:44:58,21643101901,36916848,,0,2,1,normal,16,0,shopee,
1685983826,2023-06-05 16:50:26,21643101901,37311051,,0,2,1,normal,23,0,shopee,https://shopee.vn/Smart-Tivi-QLED-Samsung-4K-55-Inch-QA55Q80BAKXXV-Mi%E1%BB%85n-ph%C3%AD-l%E1%BA%AFp-%C4%91%E1%BA%B7t-i.65589552.21643101901
1685984563,2023-06-05 17:02:43,21643101901,41257356,,0,2,1,normal,25,0,shopee,https://shopee.vn/Smart-Tivi-QLED-Samsung-4K-55-Inch-QA55Q80BAKXXV-Mi%E1%BB%85n-ph%C3%AD-l%E1%BA%AFp-%C4%91%E1%BA%B7t-i.65589552.21643101901
1685986282,2023-06-05 17:31:22,21643101901,42012289,,0,2,1,normal,16,0,shopee,https://shopee.vn/Smart-Tivi-QLED-Samsung-4K-55-Inch-QA55Q80BAKXXV-Mi%E1%BB%85n-ph%C3%AD-l%E1%BA%AFp-%C4%91%E1%BA%B7t-i.65589552.21643101901
1685988398,2023-06-05 18:06:38,21643101901,47960661,,0,2,1,normal,26,0,shopee,https://shopee.vn/Smart-Tivi-QLED-Samsung-4K-55-Inch-QA55Q80BAKXXV-Mi%E1%BB%85n-ph%C3%AD-l%E1%BA%AFp-%C4%91%E1%BA%B7t-i.65589552.21643101901
1685989883,2023-06-05 18:31:23,21643101901,47438713,,0,2,1,normal,19,0,shopee,https://shopee.vn/Smart-Tivi-QLED-Samsung-4K-55-Inch-QA55Q80BAKXXV-Mi%E1%BB%85n-ph%C3%AD-l%E1%BA%AFp-%C4%91%E1%BA%B7t-i.65589552.21643101901
1685991789,2023-06-05 19:03:09,21643101901,40567126,,0,2,1,normal,20,0,shopee,https://shopee.vn/Smart-Tivi-QLED-Samsung-4K-55-Inch-QA55Q80BAKXXV-Mi%E1%BB%85n-ph%C3%AD-l%E1%BA%AFp-%C4%91%E1%BA%B7t-i.65589552.21643101901
1685993480,2023-06-05 19:31:20,21643101901,40483693,,0,2,1,normal,19,0,shopee,https://shopee.vn/Smart-Tivi-QLED-Samsung-4K-55-Inch-QA55Q80BAKXXV-Mi%E1%BB%85n-ph%C3%AD-l%E1%BA%AFp-%C4%91%E1%BA%B7t-i.65589552.21643101901
1685995394,2023-06-05 20:03:14,21643101901,44904450,,0,2,1,normal,17,0,shopee,https://shopee.vn/Smart-Tivi-QLED-Samsung-4K-55-Inch-QA55Q80BAKXXV-Mi%E1%BB%85n-ph%C3%AD-l%E1%BA%AFp-%C4%91%E1%BA%B7t-i.65589552.21643101901
1685997093,2023-06-05 20:31:33,21643101901,48228150,,0,2,1,normal,27,0,shopee,https://shopee.vn/Smart-Tivi-QLED-Samsung-4K-55-Inch-QA55Q80BAKXXV-Mi%E1%BB%85n-ph%C3%AD-l%E1%BA%AFp-%C4%91%E1%BA%B7t-i.65589552.21643101901
1685998970,2023-06-05 21:02:50,21643101901,41088251,,0,2,1,normal,18,0,shopee,https://shopee.vn/Smart-Tivi-QLED-Samsung-4K-55-Inch-QA55Q80BAKXXV-Mi%E1%BB%85n-ph%C3%AD-l%E1%BA%AFp-%C4%91%E1%BA%B7t-i.65589552.21643101901
1686000676,2023-06-05 21:31:16,21643101901,40122567,,0,2,1,normal,24,0,shopee,https://shopee.vn/Smart-Tivi-QLED-Samsung-4K-55-Inch-QA55Q80BAKXXV-Mi%E1%BB%85n-ph%C3%AD-l%E1%BA%AFp-%C4%91%E1%BA%B7t-i.65589552.21643101901
1686002596,2023-06-05 22:03:16,21643101901,38806917,,0,2,1,normal,22,0,shopee,https://shopee.vn/Smart-Tivi-QLED-Samsung-4K-55-Inch-QA55Q80BAKXXV-Mi%E1%BB%85n-ph%C3%AD-l%E1%BA%AFp-%C4%91%E1%BA%B7t-i.65589552.21643101901
1686004290,2023-06-05 22:31:30,21643101901,36401278,,0,2,1,normal,25,0,shopee,https://shopee.vn/Smart-Tivi-QLED-Samsung-4K-55-Inch-QA55Q80BAKXXV-Mi%E1%BB%85n-ph%C3%AD-l%E1%BA%AFp-%C4%91%E1%BA%B7t-i.65589552.21643101901
1686006200,2023-06-05 23:03:20,21643101901,38554837,,0,2,1,normal,19,0,shopee,https://shopee.vn/Smart-Tivi-QLED-Samsung-4K-55-Inch-QA55Q80BAKXXV-Mi%E1%BB%85n-ph%C3%AD-l%E1%BA%AFp-%C4%91%E1%BA%B7t-i.65589552.21643101901
1686007892,2023-06-05 23:31:32,21643101901,44290698,,0,2,1,normal,24,0,shopee,https://shopee.vn/Smart-Tivi-QLED-Samsung-4K-55-Inch-QA55Q80BAKXXV-Mi%E1%BB%85n-ph%C3%AD-l%E1%BA%AFp-%C4%91%E1%BA%B7t-i.65589552.21643101901
1686011704,2023-06-06 00:35:04,21643101901,42734740,,0,2,1,normal,18,0,shopee,https://shopee.vn/Smart-Tivi-QLED-Samsung-4K-55-Inch-QA55Q80BAKXXV-Mi%E1%BB%85n-ph%C3%AD-l%E1%BA%AFp-%C4%91%E1%BA%B7t-i.65589552.21643101901
1686017594,2023-06-06 02:13:14,21643101901,40912580,,0,2,1,normal,20,0,shopee,https://shopee.vn/Smart-Tivi-QLED-Samsung-4K-55-Inch-QA55Q80BAKXXV-Mi%E1%BB%85n-ph%C3%AD-l%E1%BA%AFp-%C4%91%E1%BA%B7t-i.65589552.21643101901
1686017656,2023-06-06 02:14:16,21643101901,39863711,,0,2,1,normal,21,0,shopee,https://shopee.vn/Smart-Tivi-QLED-Samsung-4K-55-Inch-QA55Q80BAKXXV-Mi%E1%BB%85n-ph%C3%AD-l%E1%BA%AFp-%C4%91%E1%BA%B7t-i.65589552.21643101901
1686018051,2023-06-06 02:20:51,21643101901,36928218,,0,2,1,normal,21,0,shopee,https://shopee.vn/Smart-Tivi-QLED-Samsung-4K-55-Inch-QA55Q80BAKXXV-Mi%E1%BB%85n-ph%C3%AD-l%E1%BA%AFp-%C4%91%E1%BA%B7t-i.65589552.21643101901
1686020598,2023-06-06 03:03:18,21643101901,43492829,,0,2,1,normal,27,0,shopee,https://shopee.vn/Smart-Tivi-QLED-Samsung-4K-55-Inch-QA55Q80BAKXXV-Mi%E1%BB%85n-ph%C3%AD-l%E1%BA%AFp-%C4%91%E1%BA%B7t-i.65589552.21643101901
1686022318,2023-06-06 03:31:58,21643101901,32900000,,0,2,1,normal,14,416,shopee,https://shopee.vn/Smart-Tivi-QLED-Samsung-4K-55-Inch-QA55Q80BAKXXV-Mi%E1%BB%85n-ph%C3%AD-l%E1%BA%AFp-%C4%91%E1%BA%B7t-i.65589552.21643101901
1686024404,2023-06-06 04:06:44,21643101901,41612796,,0,2,1,normal,23,0,shopee,https://shopee.vn/Smart-Tivi-QLED-Samsung-4K-55-Inch-QA55Q80BAKXXV-Mi%E1%BB%85n-ph%C3%AD-l%E1%BA%AFp-%C4%91%E1%BA%B7t-i.65589552.21643101901
1686025886,2023-06-06 04:31:26,21643101901,47664682,,0,2,1,normal,14,0,shopee,https://shopee.vn/Smart-Tivi-QLED-Samsung-4K-55-Inch-QA55Q80BAKXXV-Mi%E1%BB%85n-ph%C3%AD-l%E1%BA%AFp-%C4%91%E1%BA%B7t-i.65589552.21643101901
1686027794,2023-06-06 05:03:14,21643101901,38084206,,0,2,1,normal,25,0,shopee,https://shopee.vn/Smart-Tivi-QLED-Samsung-4K-55-Inch-QA55Q80BAKXXV-Mi%E1%BB%85n-ph%C3%AD-l%E1%BA%AFp-%C4%91%E1%BA%B7t-i.65589552.21643101901
1686029487,2023-06-06 05:31:27,21643101901,45406589,,0,2,1,normal,27,0,shopee,https://shopee.vn/Smart-Tivi-QLED-Samsung-4K-55-Inch-QA55Q80BAKXXV-Mi%E1%BB%85n-ph%C3%AD-l%E1%BA%AFp-%C4%91%E1%BA%B7t-i.65589552.21643101901
1686031653,2023-06-06 06:07:33,21643101901,40017707,,0,2,1,normal,24,0,shopee,https://shopee.vn/Smart-Tivi-QLED-Samsung-4K-55-Inch-QA55Q80BAKXXV-Mi%E1%BB%85n-ph%C3%AD-l%E1%BA%AFp-%C4%91%E1%BA%B7t-i.65589552.21643101901
1686033119,2023-06-06 06:31:59,21643101901,39954462,,0,2,1,normal,23,0,shopee,https://shopee.vn/Smart-Tivi-QLED-Samsung-4K-55-Inch-QA55Q80BAKXXV-Mi%E1%BB%85n-ph%C3%AD-l%E1%BA%AFp-%C4%91%E1%BA%B7t-i.65589552.21643101901
1686035068,2023-06-06 07:04:28,21643101901,46646718,,0,2,1,normal,21,0,shopee,https://shopee.vn/Smart-Tivi-QLED-Samsung-4K-55-Inch-QA55Q80BAKXXV-Mi%E1%BB%85n-ph%C3%AD-l%E1%BA%AFp-%C4%91%E1%BA%B7t-i.65589552.21643101901
1686036675,2023-06-06 07:31:15,21643101901,41858462,,0,2,1,normal,23,0,shopee,https://shopee.vn/Smart-Tivi-QLED-Samsung-4K-55-Inch-QA55Q80BAKXXV-Mi%E1%BB%85n-ph%C3%AD-l%E1%BA%AFp-%C4%91%E1%BA%B7t-i.65589552.21643101901
1686038853,2023-06-06 08:07:33,21643101901,44213979,,0,2,1,normal,25,0,shopee,https://shopee.vn/Smart-Tivi-QLED-Samsung-4K-55-Inch-QA55Q80BAKXXV-Mi%E1%BB%85n-ph%C3%AD-l%E1%BA%AFp-%C4%91%E1%BA%B7t-i.65589552.21643101901
1686040294,2023-06-06 08:31:34,21643101901,47420138,,0,2,1,normal,26,0,shopee,https://shopee.vn/Smart-Tivi-QLED-Samsung-4K-55-Inch-QA55Q80BAKXXV-Mi%E1%BB%85n-ph%C3%AD-l%E1%BA%AFp-%C4%91%E1%BA%B7t-i.65589552.21643101901
1686042226,2023-06-06 09:03:46,21643101901,38056754,,0,2,1,normal,22,0,shopee,https://shopee.vn/Smart-Tivi-QLED-Samsung-4K-55-Inch-QA55Q80BAKXXV-Mi%E1%BB%85n-ph%C3%AD-l%E1%BA%AFp-%C4%91%E1%BA%B7t-i.65589552.21643101901
1686043878,2023-06-06 09:31:18,21643101901,39325580,,0,2,1,normal,17,0,shopee,https://shopee.vn/Smart-Tivi-QLED-Samsung-4K-55-Inch-QA55Q80BAKXXV-Mi%E1%BB%85n-ph%C3%AD-l%E1%BA%AFp-%C4%91%E1%BA%B7t-i.65589552.21643101901
1686045867,2023-06-06 10:04:27,21643101901,48647230,,0,2,1,normal,25,0,shopee,https://shopee.vn/Smart-Tivi-QLED-Samsung-4K-55-Inch-QA55Q80BAKXXV-Mi%E1%BB%85n-ph%C3%AD-l%E1%BA%AFp-%C4%91%E1%BA%B7t-i.65589552.21643101901
1686047479,2023-06-06 10:31:19,21643101901,48710384,,0,2,1,normal,18,0,shopee,https://shopee.vn/Smart-Tivi-QLED-Samsung-4K-55-Inch-QA55Q80BAKXXV-Mi%E1%BB%85n-ph%C3%AD-l%E1%BA%AFp-%C4%91%E1%BA%B7t-i.65589552.21643101901
1686049353,2023-06-06 11:02:33,21643101901,46584660,,0,2,1,normal,24,0,shopee,https://shopee.vn/Smart-Tivi-QLED-Samsung-4K-55-Inch-QA55Q80BAKXXV-Mi%E1%BB%85n-ph%C3%AD-l%E1%BA%AFp-%C4%91%E1%BA%B7t-i.65589552.21643101901
1686051087,2023-06-06 11:31:27,21643101901,32900000,,0,2,1,normal,14,416,shopee,https://shopee.vn/Smart-Tivi-QLED-Samsung-4K-55-Inch-QA55Q80BAKXXV-Mi%E1%BB%85n-ph%C3%AD-l%E1%BA%AFp-%C4%91%E1%BA%B7t-i.65589552.21643101901
1686053398,2023-06-06 12:09:58,21643101901,38273940,,0,2,1,normal,21,0,shopee,https://shopee.vn/Smart-Tivi-QLED-Samsung-4K-55-Inch-QA55Q80BAKXXV-Mi%E1%BB%85n-ph%C3%AD-l%E1%BA%AFp-%C4%91%E1%BA%B7t-i.65589552.21643101901
1686055860,2023-06-06 12:51:00,21643101901,42432236,,0,2,1,normal,22,0,shopee,https://shopee.vn/Smart-Tivi-QLED-Samsung-4K-55-Inch-QA55Q80BAKXXV-Mi%E1%BB%85n-ph%C3%AD-l%E1%BA%AFp-%C4%91%E1%BA%B7t-i.65589552.21643101901
1686057008,2023-06-06 13:10:08,21643101901,40127638,,0,2,1,normal,21,0,shopee,https://shopee.vn/Smart-Tivi-QLED-Samsung-4K-55-Inch-QA55Q80BAKXXV-Mi%E1%BB%85n-ph%C3%AD-l%E1%BA%AFp-%C4%91%E1%BA%B7t-i.65589552.21643101901
1686058274,2023-06-06 13:31:14,21643101901,37669257,,0,2,1,normal,15,0,shopee,https://shopee.vn/Smart-Tivi-QLED-Samsung-4K-55-Inch-QA55Q80BAKXXV-Mi%E1%BB%85n-ph%C3%AD-l%E1%BA%AFp-%C4%91%E1%BA%B7t-i.65589552.21643101901
1686060207,2023-06-06 14:03:27,21643101901,39382935,,0,2,1,normal,27,0,shopee,https://shopee.vn/Smart-Tivi-QLED-Samsung-4K-55-Inch-QA55Q80BAKXXV-Mi%E1%BB%85n-ph%C3%AD-l%E1%BA%AFp-%C4%91%E1%BA%B7t-i.65589552.21643101901
1686061889,2023-06-06 14:31:29,21643101901,41693212,,0,2,1,normal,22,0,shopee,https://shopee.vn/Smart-Tivi-QLED-Samsung-4K-55-Inch-QA55Q80BAKXXV-Mi%E1%BB%85n-ph%C3%AD-l%E1%BA%AFp-%C4%91%E1%BA%B7t-i.65589552.21643101901
1686063898,2023-06-06 15:04:58,21643101901,41606100,,0,2,1,normal,14,0,shopee,https://shopee.vn/Smart-Tivi-QLED-Samsung-4K-55-Inch-QA55Q80BAKXXV-Mi%E1%BB%85n-ph%C3%AD-l%E1%BA%AFp-%C4%91%E1%BA%B7t-i.65589552.21643101901
1686065494,2023-06-06 15:31:34,21643101901,47061689,,0,2,1,normal,26,0,shopee,https://shopee.vn/Smart-Tivi-QLED-Samsung-4K-55-Inch-QA55Q80BAKXXV-Mi%E1%BB%85n-ph%C3%AD-l%E1%BA%AFp-%C4%91%E1%BA%B7t-i.65589552.21643101901
1686067619,2023-06-06 16:06:59,21643101901,41011276,,0,2,1,normal,16,0,shopee,https://shopee.vn/Smart-Tivi-QLED-Samsung-4K-55-Inch-QA55Q80BAKXXV-Mi%E1%BB%85n-ph%C3%AD-l%E1%BA%AFp-%C4%91%E1%BA%B7t-i.65589552.21643101901
1686069391,2023-06-06 16:36:31,21643101901,43944056,,0,2,1,normal,21,0,shopee,https://shopee.vn/Smart-Tivi-QLED-Samsung-4K-55-Inch-QA55Q80BAKXXV-Mi%E1%BB%85n-ph%C3%AD-l%E1%BA%AFp-%C4%91%E1%BA%B7t-i.65589552.21643101901
1686071027,2023-06-06 17:03:47,21643101901,38392369,,0,2,1,normal,17,0,shopee,https://shopee.vn/Smart-Tivi-QLED-Samsung-4K-55-Inch-QA55Q80BAKXXV-Mi%E1%BB%85n-ph%C3%AD-l%E1%BA%AFp-%C4%91%E1%BA%B7t-i.65589552.21643101901
1686072685,2023-06-06 17:31:25,21643101901,46975294,,0,2,1,normal,26,0,shopee,https://shopee.vn/Smart-Tivi-QLED-Samsung-4K-55-Inch-QA55Q80BAKXXV-Mi%E1%BB%85n-ph%C3%AD-l%E1%BA%AFp-%C4%91%E1%BA%B7t-i.65589552.21643101901
1686074815,2023-06-06 18:06:55,21643101901,47627731,,0,2,1,normal,21,0,shopee,https://shopee.vn/Smart-Tivi-QLED-Samsung-4K-55-Inch-QA55Q80BAKXXV-Mi%E1%BB%85n-ph%C3%AD-l%E1%BA%AFp-%C4%91%E1%BA%B7t-i.65589552.21643101901
1686076289,2023-06-06 18:31:29,21643101901,38846803,,0,2,1,normal,23,0,shopee,https://shopee.vn/Smart-Tivi-QLED-Samsung-4K-55-Inch-QA55Q80BAKXXV-Mi%E1%BB%85n-ph%C3%AD-l%E1%BA%AFp-%C4%91%E1%BA%B7t-i.65589552.21643101901
1686078140,2023-06-06 19:02:20,21643101901,36324453,,0,2,1,normal,24,0,shopee,https://shopee.vn/Smart-Tivi-QLED-Samsung-4K-55-Inch-QA55Q80BAKXXV-Mi%E1%BB%85n-ph%C3%AD-l%E1%BA%AFp-%C4%91%E1%BA%B7t-i.65589552.21643101901
1686079891,2023-06-06 19:31:31,21643101901,36642865,,0,2,1,normal,23,0,shopee,https://shopee.vn/Smart-Tivi-QLED-Samsung-4K-55-Inch-QA55Q80BAKXXV-Mi%E1%BB%85n-ph%C3%AD-l%E1%BA%AFp-%C4%91%E1%BA%B7t-i.65589552.21643101901
1686081847,2023-06-06 20:04:07,21643101901,46629599,,0,2,1,normal,16,0,shopee,https://shopee.vn/Smart-Tivi-QLED-Samsung-4K-55-Inch-QA55Q80BAKXXV-Mi%E1%BB%85n-ph%C3%AD-l%E1%BA%AFp-%C4%91%E1%BA%B7t-i.65589552.21643101901
1686083494,2023-06-06 20:31:34,21643101901,48249352,,0,2,1,normal,14,0,shopee,https://shopee.vn/Smart-Tivi-QLED-Samsung-4K-55-Inch-QA55Q80BAKXXV-Mi%E1%BB%85n-ph%C3%AD-l%E1%BA%AFp-%C4%91%E1%BA%B7t-i.65589552.21643101901
1686085388,2023-06-06 21:03:08,21643101901,43411565,,0,2,1,normal,17,0,shopee,https://shopee.vn/Smart-Tivi-QLED-Samsung-4K-55-Inch-QA55Q80BAKXXV-Mi%E1%BB%85n-ph%C3%AD-l%E1%BA%AFp-%C4%91%E1%BA%B7t-i.65589552.21643101901
1686087091,2023-06-06 21:31:31,21643101901,40098640,,0,2,1,normal,27,0,shopee,https://shopee.vn/Smart-Tivi-QLED-Samsung-4K-55-Inch-QA55Q80BAKXXV-Mi%E1%BB%85n-ph%C3%AD-l%E1%BA%AFp-%C4%91%E1%BA%B7t-i.65589552.21643101901
1686089005,2023-06-06 22:03:25,21643101901,45578129,,0,2,1,normal,21,0,shopee,https://shopee.vn/Smart-Tivi-QLED-Samsung-4K-55-Inch-QA55Q80BAKXXV-Mi%E1%BB%85n-ph%C3%AD-l%E1%BA%AFp-%C4%91%E1%BA%B7t-i.65589552.21643101901
1686090688,2023-06-06 22:31:28,21643101901,37581735,,0,2,1,normal,24,0,shopee,https://shopee.vn/Smart-Tivi-QLED-Samsung-4K-55-Inch-QA55Q80BAKXXV-Mi%E1%BB%85n-ph%C3%AD-l%E1%BA%AFp-%C4%91%E1%BA%B7t-i.65589552.21643101901
1686092584,2023-06-06 23:03:04,21643101901,38356212,,0,2,1,normal,27,0,shopee,https://shopee.vn/Smart-Tivi-QLED-Samsung-4K-55-Inch-QA55Q80BAKXXV-Mi%E1%BB%85n-ph%C3%AD-l%E1%BA%AFp-%C4%91%E1%BA%B7t-i.65589552.21643101901
1686094278,2023-06-06 23:31:18,21643101901,47282533,,0,2,1,normal,14,0,shopee,https://shopee.vn/Smart-Tivi-QLED-Samsung-4K-55-Inch-QA55Q80BAKXXV-Mi%E1%BB%85n-ph%C3%AD-l%E1%BA%AFp-%C4%91%E1%BA%B7t-i.65589552.21643101901
1686098153,2023-06-07 00:35:53,21643101901,46377337,,0,2,1,normal,18,0,shopee,https://shopee.vn/Smart-Tivi-QLED-Samsung-4K-55-Inch-QA55Q80BAKXXV-Mi%E1%BB%85n-ph%C3%AD-l%E1%BA%AFp-%C4%91%E1%BA%B7t-i.65589552.21643101901
1686104431,2023-06-07 02:20:31,21643101901,45976552,,0,2,1,normal,14,0,shopee,https://shopee.vn/Smart-Tivi-QLED-Samsung-4K-55-Inch-QA55Q80BAKXXV-Mi%E1%BB%85n-ph%C3%AD-l%E1%BA%AFp-%C4%91%E1%BA%B7t-i.65589552.21643101901
1686106935,2023-06-07 03:02:15,21643101901,39910624,,0,2,1,normal,23,0,shopee,https://shopee.vn/Smart-Tivi-QLED-Samsung-4K-55-Inch-QA55Q80BAKXXV-Mi%E1%BB%85n-ph%C3%AD-l%E1%BA%AFp-%C4%91%E1%BA%B7t-i.65589552.21643101901
1686108683,2023-06-07 03:31:23,21643101901,41064449,,0,2,1,normal,15,0,shopee,https://shopee.vn/Smart-Tivi-QLED-Samsung-4K-55-Inch-QA55Q80BAKXXV-Mi%E1%BB%85n-ph%C3%AD-l%E1%BA%AFp-%C4%91%E1%BA%B7t-i.65589552.21643101901
1686110821,2023-06-07 04:07:01,21643101901,46198329,,0,2,1,normal,25,0,shopee,https://shopee.vn/Smart-Tivi-QLED-Samsung-4K-55-Inch-QA55Q80BAKXXV-Mi%E1%BB%85n-ph%C3%AD-l%E1%BA%AFp-%C4%91%E1%BA%B7t-i.65589552.21643101901
1686112301,2023-06-07 04:31:41,21643101901,43550279,,0,2,1,normal,21,0,shopee,https://shopee.vn/Smart-Tivi-QLED-Samsung-4K-55-Inch-QA55Q80BAKXXV-Mi%E1%BB%85n-ph%C3%AD-l%E1%BA%AFp-%C4%91%E1%BA%B7t-i.65589552.21643101901
1686114212,2023-06-07 05:03:32,21643101901,39403972,,0,2,1,normal,18,0,shopee,https://shopee.vn/Smart-Tivi-QLED-Samsung-4K-55-Inch-QA55Q80BAKXXV-Mi%E1%BB%85n-ph%C3%AD-l%E1%BA%AFp-%C4%91%E1%BA%B7t-i.65589552.21643101901
1686115891,2023-06-07 05:31:31,21643101901,42701262,,0,2,1,normal,21,0,shopee,https://shopee.vn/Smart-Tivi-QLED-Samsung-4K-55-Inch-QA55Q80BAKXXV-Mi%E1%BB%85n-ph%C3%AD-l%E1%BA%AFp-%C4%91%E1%BA%B7t-i.65589552.21643101901
1686118065,2023-06-07 06:07:45,21643101901,42318789,,0,2,1,normal,18,0,shopee,https://shopee.vn/Smart-Tivi-QLED-Samsung-4K-55-Inch-QA55Q80BAKXXV-Mi%E1%BB%85n-ph%C3%AD-l%E1%BA%AFp-%C4%91%E1%BA%B7t-i.65589552.21643101901
1686119545,2023-06-07 06:32:25,21643101901,46765919,,0,2,1,normal,27,0,shopee,https://shopee.vn/Smart-Tivi-QLED-Samsung-4K-55-Inch-QA55Q80BAKXXV-Mi%E1%BB%85n-ph%C3%AD-l%E1%BA%AFp-%C4%91%E1%BA%B7t-i.65589552.21643101901
1686121403,2023-06-07 07:03:23,21643101901,36775411,,0,2,1,normal,22,0,shopee,https://shopee.vn/Smart-Tivi-QLED-Samsung-4K-55-Inch-QA55Q80BAKXXV-Mi%E1%BB%85n-ph%C3%AD-l%E1%BA%AFp-%C4%91%E1%BA%B7t-i.65589552.21643101901
1686123093,2023-06-07 07:31:33,21643101901,41472716,,0,2,1,normal,27,0,shopee,https://shopee.vn/Smart-Tivi-QLED-Samsung-4K-55-Inch-QA55Q80BAKXXV-Mi%E1%BB%85n-ph%C3%AD-l%E1%BA%AFp-%C4%91%E1%BA%B7t-i.65589552.21643101901
1686125267,2023-06-07 08:07:47,21643101901,38970241,,0,2,1,normal,20,0,shopee,https://shopee.vn/Smart-Tivi-QLED-Samsung-4K-55-Inch-QA55Q80BAKXXV-Mi%E1%BB%85n-ph%C3%AD-l%E1%BA%AFp-%C4%91%E1%BA%B7t-i.65589552.21643101901
1686126740,2023-06-07 08:32:20,21643101901,45845062,,0,2,1,normal,14,0,shopee,https://shopee.vn/Smart-Tivi-QLED-Samsung-4K-55-Inch-QA55Q80BAKXXV-Mi%E1%BB%85n-ph%C3%AD-l%E1%BA%AFp-%C4%91%E1%BA%B7t-i.65589552.21643101901
1686128636,2023-06-07 09:03:56,21643101901,40865227,,0,2,1,normal,20,0,shopee,https://shopee.vn/Smart-Tivi-QLED-Samsung-4K-55-Inch-QA55Q80BAKXXV-Mi%E1%BB%85n-ph%C3%AD-l%E1%BA%AFp-%C4%91%E1%BA%B7t-i.65589552.21643101901
1686130289,2023-06-07 09:31:29,21643101901,41461299,,0,0,1,sold_out,15,0,shopee,https://shopee.vn/Smart-Tivi-QLED-Samsung-4K-55-Inch-QA55Q80BAKXXV-Mi%E1%BB%85n-ph%C3%AD-l%E1%BA%AFp-%C4%91%E1%BA%B7t-i.65589552.21643101901
1686132329,2023-06-07 10:05:29,21643101901,42419797,,0,0,1,sold_out,17,0,shopee,https://shopee.vn/Smart-Tivi-QLED-Samsung-4K-55-Inch-QA55Q80BAKXXV-Mi%E1%BB%85n-ph%C3%AD-l%E1%BA%AFp-%C4%91%E1%BA%B7t-i.65589552.21643101901
1686133910,2023-06-07 10:31:50,21643101901,43108426,,0,0,1,sold_out,26,0,shopee,https://shopee.vn/Smart-Tivi-QLED-Samsung-4K-55-Inch-QA55Q80BAKXXV-Mi%E1%BB%85n-ph%C3%AD-l%E1%BA%AFp-%C4%91%E1%BA%B7t-i.65589552.21643101901
1686135743,2023-06-07 11:02:23,21643101901,43502316,,0,0,1,sold_out,24,0,shopee,https://shopee.vn/Smart-Tivi-QLED-Samsung-4K-55-Inch-QA55Q80BAKXXV-Mi%E1%BB%85n-ph%C3%AD-l%E1%BA%AFp-%C4%91%E1%BA%B7t-i.65589552.21643101901
1686137484,2023-06-07 11:31:24,21643101901,40636839,,0,0,1,sold_out,24,0,shopee,https://shopee.vn/Smart-Tivi-QLED-Samsung-4K-55-Inch-QA55Q80BAKXXV-Mi%E1%BB%85n-ph%C3%AD-l%E1%BA%AFp-%C4%91%E1%BA%B7t-i.65589552.21643101901
1686139822,2023-06-07 12:10:22,21643101901,46810140,,0,0,1,sold_out,17,0,shopee,https://shopee.vn/Smart-Tivi-QLED-Samsung-4K-55-Inch-QA55Q80BAKXXV-Mi%E1%BB%85n-ph%C3%AD-l%E1%BA%AFp-%C4%91%E1%BA%B7t-i.65589552.21643101901
1686142240,2023-06-07 12:50:40,21643101901,45184770,,0,0,1,sold_out,27,0,shopee,https://shopee.vn/Smart-Tivi-QLED-Samsung-4K-55-Inch-QA55Q80BAKXXV-Mi%E1%BB%85n-ph%C3%AD-l%E1%BA%AFp-%C4%91%E1%BA%B7t-i.65589552.21643101901
1686143409,2023-06-07 13:10:09,21643101901,38480210,,0,0,1,sold_out,25,0,shopee,https://shopee.vn/Smart-Tivi-QLED-Samsung-4K-55-Inch-QA55Q80BAKXXV-Mi%E1%BB%85n-ph%C3%AD-l%E1%BA%AFp-%C4%91%E1%BA%B7t-i.65589552.21643101901
1686144767,2023-06-07 13:32:47,21643101901,46646718,,0,0,1,sold_out,21,0,shopee,https://shopee.vn/Smart-Tivi-QLED-Samsung-4K-55-Inch-QA55Q80BAKXXV-Mi%E1%BB%85n-ph%C3%AD-l%E1%BA%AFp-%C4%91%E1%BA%B7t-i.65589552.21643101901
1686146600,2023-06-07 14:03:20,21643101901,45600517,,0,0,1,sold_out,17,0,shopee,https://shopee.vn/Smart-Tivi-QLED-Samsung-4K-55-Inch-QA55Q80BAKXXV-Mi%E1%BB%85n-ph%C3%AD-l%E1%BA%AFp-%C4%91%E1%BA%B7t-i.65589552.21643101901
1686148279,2023-06-07 14:31:19,21643101901,48146848,,0,0,1,sold_out,15,0,shopee,https://shopee.vn/Smart-Tivi-QLED-Samsung-4K-55-Inch-QA55Q80BAKXXV-Mi%E1%BB%85n-ph%C3%AD-l%E1%BA%AFp-%C4%91%E1%BA%B7t-i.65589552.21643101901
1686150246,2023-06-07 15:04:06,21643101901,38537059,,0,0,1,sold_out,21,0,shopee,https://shopee.vn/Smart-Tivi-QLED-Samsung-4K-55-Inch-QA55Q80BAKXXV-Mi%E1%BB%85n-ph%C3%AD-l%E1%BA%AFp-%C4%91%E1%BA%B7t-i.65589552.21643101901
1686151884,2023-06-07 15:31:24,21643101901,41251939,,0,0,1,sold_out,17,0,shopee,https://shopee.vn/Smart-Tivi-QLED-Samsung-4K-55-Inch-QA55Q80BAKXXV-Mi%E1%BB%85n-ph%C3%AD-l%E1%BA%AFp-%C4%91%E1%BA%B7t-i.65589552.21643101901
1686154028,2023-06-07 16:07:08,21643101901,48427904,,0,0,1,sold_out,27,0,shopee,https://shopee.vn/Smart-Tivi-QLED-Samsung-4K-55-Inch-QA55Q80BAKXXV-Mi%E1%BB%85n-ph%C3%AD-l%E1%BA%AFp-%C4%91%E1%BA%B7t-i.65589552.21643101901
1686155792,2023-06-07 16:36:32,21643101901,48635384,,0,0,1,sold_out,19,0,shopee,https://shopee.vn/Smart-Tivi-QLED-Samsung-4K-55-Inch-QA55Q80BAKXXV-Mi%E1%BB%85n-ph%C3%AD-l%E1%BA%AFp-%C4%91%E1%BA%B7t-i.65589552.21643101901
1686157373,2023-06-07 17:02:53,21643101901,39087324,,0,0,1,sold_out,27,0,shopee,https://shopee.vn/Smart-Tivi-QLED-Samsung-4K-55-Inch-QA55Q80BAKXXV-Mi%E1%BB%85n-ph%C3%AD-l%E1%BA%AFp-%C4%91%E1%BA%B7t-i.65589552.21643101901
1686159100,2023-06-07 17:31:40,21643101901,38322038,,0,0,1,sold_out,26,0,shopee,https://shopee.vn/Smart-Tivi-QLED-Samsung-4K-55-Inch-QA55Q80BAKXXV-Mi%E1%BB%85n-ph%C3%AD-l%E1%BA%AFp-%C4%91%E1%BA%B7t-i.65589552.21643101901
1686161243,2023-06-07 18:07:23,21643101901,47063701,,0,0,1,sold_out,23,0,shopee,https://shopee.vn/Smart-Tivi-QLED-Samsung-4K-55-Inch-QA55Q80BAKXXV-Mi%E1%BB%85n-ph%C3%AD-l%E1%BA%AFp-%C4%91%E1%BA%B7t-i.65589552.21643101901
1686162744,2023-06-07 18:32:24,21643101901,36611198,,0,0,1,sold_out,23,0,shopee,https://shopee.vn/Smart-Tivi-QLED-Samsung-4K-55-Inch-QA55Q80BAKXXV-Mi%E1%BB%85n-ph%C3%AD-l%E1%BA%AFp-%C4%91%E1%BA%B7t-i.65589552.21643101901
1686164551,2023-06-07 19:02:31,21643101901,40143982,,0,0,1,sold_out,24,0,shopee,https://shopee.vn/Smart-Tivi-QLED-Samsung-4K-55-Inch-QA55Q80BAKXXV-Mi%E1%BB%85n-ph%C3%AD-l%E1%BA%AFp-%C4%91%E1%BA%B7t-i.65589552.21643101901
1686166297,2023-06-07 19:31:37,21643101901,43043490,,0,0,1,sold_out,14,0,shopee,https://shopee.vn/Smart-Tivi-QLED-Samsung-4K-55-Inch-QA55Q80BAKXXV-Mi%E1%BB%85n-ph%C3%AD-l%E1%BA%AFp-%C4%91%E1%BA%B7t-i.65589552.21643101901
1686168278,2023-06-07 20:04:38,21643101901,39150409,,0,0,1,sold_out,23,0,shopee,https://shopee.vn/Smart-Tivi-QLED-Samsung-4K-55-Inch-QA55Q80BAKXXV-Mi%E1%BB%85n-ph%C3%AD-l%E1%BA%AFp-%C4%91%E1%BA%B7t-i.65589552.21643101901
1686169882,2023-06-07 20:31:22,21643101901,40152864,,0,0,1,sold_out,21,0,shopee,https://shopee.vn/Smart-Tivi-QLED-Samsung-4K-55-Inch-QA55Q80BAKXXV-Mi%E1%BB%85n-ph%C3%AD-l%E1%BA%AFp-%C4%91%E1%BA%B7t-i.65589552.21643101901
1686171791,2023-06-07 21:03:11,21643101901,42627412,,0,0,1,sold_out,21,0,shopee,https://shopee.vn/Smart-Tivi-QLED-Samsung-4K-55-Inch-QA55Q80BAKXXV-Mi%E1%BB%85n-ph%C3%AD-l%E1%BA%AFp-%C4%91%E1%BA%B7t-i.65589552.21643101901
1686173487,2023-06-07 21:31:27,21643101901,44471187,,0,0,1,sold_out,14,0,shopee,https://shopee.vn/Smart-Tivi-QLED-Samsung-4K-55-Inch-QA55Q80BAKXXV-Mi%E1%BB%85n-ph%C3%AD-l%E1%BA%AFp-%C4%91%E1%BA%B7t-i.65589552.21643101901
1686175398,2023-06-07 22:03:18,21643101901,48188405,,0,0,1,sold_out,20,0,shopee,https://shopee.vn/Smart-Tivi-QLED-Samsung-4K-55-Inch-QA55Q80BAKXXV-Mi%E1%BB%85n-ph%C3%AD-l%E1%BA%AFp-%C4%91%E1%BA%B7t-i.65589552.21643101901
1686177077,2023-06-07 22:31:17,21643101901,37670508,,0,0,1,sold_out,16,0,shopee,https://shopee.vn/Smart-Tivi-QLED-Samsung-4K-55-Inch-QA55Q80BAKXXV-Mi%E1%BB%85n-ph%C3%AD-l%E1%BA%AFp-%C4%91%E1%BA%B7t-i.65589552.21643101901
1686179000,2023-06-07 23:03:20,21643101901,41949769,,0,0,1,sold_out,19,0,shopee,https://shopee.vn/Smart-Tivi-QLED-Samsung-4K-55-Inch-QA55Q80BAKXXV-Mi%E1%BB%85n-ph%C3%AD-l%E1%BA%AFp-%C4%91%E1%BA%B7t-i.65589552.21643101901
1686180672,2023-06-07 23:31:12,21643101901,48791301,,0,0,1,sold_out,22,0,shopee,https://shopee.vn/Smart-Tivi-QLED-Samsung-4K-55-Inch-QA55Q80BAKXXV-Mi%E1%BB%85n-ph%C3%AD-l%E1%BA%AFp-%C4%91%E1%BA%B7t-i.65589552.21643101901
1686184488,2023-06-08 00:34:48,21643101901,38544021,,0,0,1,sold_out,27,0,shopee,https://shopee.vn/Smart-Tivi-QLED-Samsung-4K-55-Inch-QA55Q80BAKXXV-Mi%E1%BB%85n-ph%C3%AD-l%E1%BA%AFp-%C4%91%E1%BA%B7t-i.65589552.21643101901
1686190793,2023-06-08 02:19:53,21643101901,44995465,,0,0,1,sold_out,25,0,shopee,https://shopee.vn/Smart-Tivi-QLED-Samsung-4K-55-Inch-QA55Q80BAKXXV-Mi%E1%BB%85n-ph%C3%AD-l%E1%BA%AFp-%C4%91%E1%BA%B7t-i.65589552.21643101901
1686193294,2023-06-08 03:01:34,21643101901,38977136,,0,0,1,sold_out,18,0,shopee,https://shopee.vn/Smart-Tivi-QLED-Samsung-4K-55-Inch-QA55Q80BAKXXV-Mi%E1%BB%85n-ph%C3%AD-l%E1%BA%AFp-%C4%91%E1%BA%B7t-i.65589552.21643101901
1686195098,2023-06-08 03:31:38,21643101901,42508127,,0,0,1,sold_out,20,0,shopee,https://shopee.vn/Smart-Tivi-QLED-Samsung-4K-55-Inch-QA55Q80BAKXXV-Mi%E1%BB%85n-ph%C3%AD-l%E1%BA%AFp-%C4%91%E1%BA%B7t-i.65589552.21643101901
1686197222,2023-06-08 04:07:02,21643101901,44717620,,0,0,1,sold_out,18,0,shopee,https://shopee.vn/Smart-Tivi-QLED-Samsung-4K-55-Inch-QA55Q80BAKXXV-Mi%E1%BB%85n-ph%C3%AD-l%E1%BA%AFp-%C4%91%E1%BA%B7t-i.65589552.21643101901
1686198731,2023-06-08 04:32:11,21643101901,44550714,,0,0,1,sold_out,17,0,shopee,https://shopee.vn/Smart-Tivi-QLED-Samsung-4K-55-Inch-QA55Q80BAKXXV-Mi%E1%BB%85n-ph%C3%AD-l%E1%BA%AFp-%C4%91%E1%BA%B7t-i.65589552.21643101901
1686200624,2023-06-08 05:03:44,21643101901,37177691,,0,0,1,sold_out,21,0,shopee,https://shopee.vn/Smart-Tivi-QLED-Samsung-4K-55-Inch-QA55Q80BAKXXV-Mi%E1%BB%85n-ph%C3%AD-l%E1%BA%AFp-%C4%91%E1%BA%B7t-i.65589552.21643101901
1686202284,2023-06-08 05:31:24,21643101901,44832563,,0,0,1,sold_out,20,0,shopee,https://shopee.vn/Smart-Tivi-QLED-Samsung-4K-55-Inch-QA55Q80BAKXXV-Mi%E1%BB%85n-ph%C3%AD-l%E1%BA%AFp-%C4%91%E1%BA%B7t-i.65589552.21643101901
1686204464,2023-06-08 06:07:44,21643101901,41949769,,0,0,1,sold_out,19,0,shopee,https://shopee.vn/Smart-Tivi-QLED-Samsung-4K-55-Inch-QA55Q80BAKXXV-Mi%E1%BB%85n-ph%C3%AD-l%E1%BA%AFp-%C4%91%E1%BA%B7t-i.65589552.21643101901
1686205977,2023-06-08 06:32:57,21643101901,47417308,,0,0,1,sold_out,21,0,shopee,https://shopee.vn/Smart-Tivi-QLED-Samsung-4K-55-Inch-QA55Q80BAKXXV-Mi%E1%BB%85n-ph%C3%AD-l%E1%BA%AFp-%C4%91%E1%BA%B7t-i.65589552.21643101901
1686207823,2023-06-08 07:03:43,21643101901,36770922,,0,0,1,sold_out,15,0,shopee,https://shopee.vn/Smart-Tivi-QLED-Samsung-4K-55-Inch-QA55Q80BAKXXV-Mi%E1%BB%85n-ph%C3%AD-l%E1%BA%AFp-%C4%91%E1%BA%B7t-i.65589552.21643101901
1686209491,2023-06-08 07:31:31,21643101901,44147861,,0,0,1,sold_out,26,0,shopee,https://shopee.vn/Smart-Tivi-QLED-Samsung-4K-55-Inch-QA55Q80BAKXXV-Mi%E1%BB%85n-ph%C3%AD-l%E1%BA%AFp-%C4%91%E1%BA%B7t-i.65589552.21643101901
1686211664,2023-06-08 08:07:44,21643101901,45988239,,0,0,1,sold_out,21,0,shopee,https://shopee.vn/Smart-Tivi-QLED-Samsung-4K-55-Inch-QA55Q80BAKXXV-Mi%E1%BB%85n-ph%C3%AD-l%E1%BA%AFp-%C4%91%E1%BA%B7t-i.65589552.21643101901
1686213095,2023-06-08 08:31:35,21643101901,41188060,,0,0,1,sold_out,14,0,shopee,https://shopee.vn/Smart-Tivi-QLED-Samsung-4K-55-Inch-QA55Q80BAKXXV-Mi%E1%BB%85n-ph%C3%AD-l%E1%BA%AFp-%C4%91%E1%BA%B7t-i.65589552.21643101901
1686214994,2023-06-08 09:03:14,21643101901,39707742,,0,0,1,sold_out,18,0,shopee,https://shopee.vn/Smart-Tivi-QLED-Samsung-4K-55-Inch-QA55Q80BAKXXV-Mi%E1%BB%85n-ph%C3%AD-l%E1%BA%AFp-%C4%91%E1%BA%B7t-i.65589552.21643101901
1686216682,2023-06-08 09:31:22,21643101901,47798182,,0,0,1,sold_out,17,0,shopee,https://shopee.vn/Smart-Tivi-QLED-Samsung-4K-55-Inch-QA55Q80BAKXXV-Mi%E1%BB%85n-ph%C3%AD-l%E1%BA%AFp-%C4%91%E1%BA%B7t-i.65589552.21643101901
1686218650,2023-06-08 10:04:10,21643101901,38189892,,0,0,1,sold_out,25,0,shopee,https://shopee.vn/Smart-Tivi-QLED-Samsung-4K-55-Inch-QA55Q80BAKXXV-Mi%E1%BB%85n-ph%C3%AD-l%E1%BA%AFp-%C4%91%E1%BA%B7t-i.65589552.21643101901
1686220340,2023-06-08 10:32:20,21643101901,38089701,,0,0,1,sold_out,19,0,shopee,https://shopee.vn/Smart-Tivi-QLED-Samsung-4K-55-Inch-QA55Q80BAKXXV-Mi%E1%BB%85n-ph%C3%AD-l%E1%BA%AFp-%C4%91%E1%BA%B7t-i.65589552.21643101901
1686222156,2023-06-08 11:02:36,21643101901,45148242,,0,0,1,sold_out,25,0,shopee,https://shopee.vn/Smart-Tivi-QLED-Samsung-4K-55-Inch-QA55Q80BAKXXV-Mi%E1%BB%85n-ph%C3%AD-l%E1%BA%AFp-%C4%91%E1%BA%B7t-i.65589552.21643101901
1686223898,2023-06-08 11:31:38,21643101901,43273922,,0,0,1,sold_out,17,0,shopee,https://shopee.vn/Smart-Tivi-QLED-Samsung-4K-55-Inch-QA55Q80BAKXXV-Mi%E1%BB%85n-ph%C3%AD-l%E1%BA%AFp-%C4%91%E1%BA%B7t-i.65589552.21643101901
1686226201,2023-06-08 12:10:01,21643101901,44899300,,0,0,1,sold_out,16,0,shopee,https://shopee.vn/Smart-Tivi-QLED-Samsung-4K-55-Inch-QA55Q80BAKXXV-Mi%E1%BB%85n-ph%C3%AD-l%E1%BA%AFp-%C4%91%E1%BA%B7t-i.65589552.21643101901
1686228426,2023-06-08 12:47:06,21643101901,40815875,,0,0,1,sold_out,16,0,shopee,https://shopee.vn/Smart-Tivi-QLED-Samsung-4K-55-Inch-QA55Q80BAKXXV-Mi%E1%BB%85n-ph%C3%AD-l%E1%BA%AFp-%C4%91%E1%BA%B7t-i.65589552.21643101901
1686229658,2023-06-08 13:07:38,21643101901,49182812,,0,0,1,sold_out,24,0,shopee,https://shopee.vn/Smart-Tivi-QLED-Samsung-4K-55-Inch-QA55Q80BAKXXV-Mi%E1%BB%85n-ph%C3%AD-l%E1%BA%AFp-%C4%91%E1%BA%B7t-i.65589552.21643101901
1686231239,2023-06-08 13:33:59,21643101901,43934005,,0,0,1,sold_out,27,0,shopee,https://shopee.vn/Smart-Tivi-QLED-Samsung-4K-55-Inch-QA55Q80BAKXXV-Mi%E1%BB%85n-ph%C3%AD-l%E1%BA%AFp-%C4%91%E1%BA%B7t-i.65589552.21643101901
1686232985,2023-06-08 14:03:05,21643101901,47199732,,0,0,1,sold_out,25,0,shopee,https://shopee.vn/Smart-Tivi-QLED-Samsung-4K-55-Inch-QA55Q80BAKXXV-Mi%E1%BB%85n-ph%C3%AD-l%E1%BA%AFp-%C4%91%E1%BA%B7t-i.65589552.21643101901
1686234692,2023-06-08 14:31:32,21643101901,42266214,,0,0,1,sold_out,16,0,shopee,https://shopee.vn/Smart-Tivi-QLED-Samsung-4K-55-Inch-QA55Q80BAKXXV-Mi%E1%BB%85n-ph%C3%AD-l%E1%BA%AFp-%C4%91%E1%BA%B7t-i.65589552.21643101901
1686236622,2023-06-08 15:03:42,21643101901,42915493,,0,0,1,sold_out,24,0,shopee,https://shopee.vn/Smart-Tivi-QLED-Samsung-4K-55-Inch-QA55Q80BAKXXV-Mi%E1%BB%85n-ph%C3%AD-l%E1%BA%AFp-%C4%91%E1%BA%B7t-i.65589552.21643101901
1686238291,2023-06-08 15:31:31,21643101901,41376574,,0,0,1,sold_out,25,0,shopee,https://shopee.vn/Smart-Tivi-QLED-Samsung-4K-55-Inch-QA55Q80BAKXXV-Mi%E1%BB%85n-ph%C3%AD-l%E1%BA%AFp-%C4%91%E1%BA%B7t-i.65589552.21643101901
1686240390,2023-06-08 16:06:30,21643101901,44493207,,0,0,1,sold_out,18,0,shopee,https://shopee.vn/Smart-Tivi-QLED-Samsung-4K-55-Inch-QA55Q80BAKXXV-Mi%E1%BB%85n-ph%C3%AD-l%E1%BA%AFp-%C4%91%E1%BA%B7t-i.65589552.21643101901
1686242158,2023-06-08 16:35:58,21643101901,45609129,,0,0,1,sold_out,21,0,shopee,https://shopee.vn/Smart-Tivi-QLED-Samsung-4K-55-Inch-QA55Q80BAKXXV-Mi%E1%BB%85n-ph%C3%AD-l%E1%BA%AFp-%C4%91%E1%BA%B7t-i.65589552.21643101901
1686243804,2023-06-08 17:03:24,21643101901,41253180,,0,0,1,sold_out,20,0,shopee,https://shopee.vn/Smart-Tivi-QLED-Samsung-4K-55-Inch-QA55Q80BAKXXV-Mi%E1%BB%85n-ph%C3%AD-l%E1%BA%AFp-%C4%91%E1%BA%B7t-i.65589552.21643101901
1686245491,2023-06-08 17:31:31,21643101901,40936293,,0,0,1,sold_out,22,0,shopee,https://shopee.vn/Smart-Tivi-QLED-Samsung-4K-55-Inch-QA55Q80BAKXXV-Mi%E1%BB%85n-ph%C3%AD-l%E1%BA%AFp-%C4%91%E1%BA%B7t-i.65589552.21643101901
1686247606,2023-06-08 18:06:46,21643101901,49141423,,0,0,1,sold_out,16,0,shopee,https://shopee.vn/Smart-Tivi-QLED-Samsung-4K-55-Inch-QA55Q80BAKXXV-Mi%E1%BB%85n-ph%C3%AD-l%E1%BA%AFp-%C4%91%E1%BA%B7t-i.65589552.21643101901
1686249083,2023-06-08 18:31:23,21643101901,44681050,,0,0,1,sold_out,19,0,shopee,https://shopee.vn/Smart-Tivi-QLED-Samsung-4K-55-Inch-QA55Q80BAKXXV-Mi%E1%BB%85n-ph%C3%AD-l%E1%BA%AFp-%C4%91%E1%BA%B7t-i.65589552.21643101901
1686250943,2023-06-08 19:02:23,21643101901,41175127,,0,0,1,sold_out,27,0,shopee,https://shopee.vn/Smart-Tivi-QLED-Samsung-4K-55-Inch-QA55Q80BAKXXV-Mi%E1%BB%85n-ph%C3%AD-l%E1%BA%AFp-%C4%91%E1%BA%B7t-i.65589552.21643101901
1686252686,2023-06-08 19:31:26,21643101901,47194597,,0,0,1,sold_out,26,0,shopee,https://shopee.vn/Smart-Tivi-QLED-Samsung-4K-55-Inch-QA55Q80BAKXXV-Mi%E1%BB%85n-ph%C3%AD-l%E1%BA%AFp-%C4%91%E1%BA%B7t-i.65589552.21643101901
1686254651,2023-06-08 20:04:11,21643101901,41123625,,0,0,1,sold_out,23,0,shopee,https://shopee.vn/Smart-Tivi-QLED-Samsung-4K-55-Inch-QA55Q80BAKXXV-Mi%E1%BB%85n-ph%C3%AD-l%E1%BA%AFp-%C4%91%E1%BA%B7t-i.65589552.21643101901
1686256278,2023-06-08 20:31:18,21643101901,41168920,,0,0,1,sold_out,26,0,shopee,https://shopee.vn/Smart-Tivi-QLED-Samsung-4K-55-Inch-QA55Q80BAKXXV-Mi%E1%BB%85n-ph%C3%AD-l%E1%BA%AFp-%C4%91%E1%BA%B7t-i.65589552.21643101901
1686258153,2023-06-08 21:02:33,21643101901,45478156,,0,0,1,sold_out,26,0,shopee,https://shopee.vn/Smart-Tivi-QLED-Samsung-4K-55-Inch-QA55Q80BAKXXV-Mi%E1%BB%85n-ph%C3%AD-l%E1%BA%AFp-%C4%91%E1%BA%B7t-i.65589552.21643101901
1686259882,2023-06-08 21:31:22,21643101901,39830496,,0,0,1,sold_out,25,0,shopee,https://shopee.vn/Smart-Tivi-QLED-Samsung-4K-55-Inch-QA55Q80BAKXXV-Mi%E1%BB%85n-ph%C3%AD-l%E1%BA%AFp-%C4%91%E1%BA%B7t-i.65589552.21643101901
1686261799,2023-06-08 22:03:19,21643101901,41872606,,0,0,1,sold_out,26,0,shopee,https://shopee.vn/Smart-Tivi-QLED-Samsung-4K-55-Inch-QA55Q80BAKXXV-Mi%E1%BB%85n-ph%C3%AD-l%E1%BA%AFp-%C4%91%E1%BA%B7t-i.65589552.21643101901
1686263491,2023-06-08 22:31:31,21643101901,44935055,,0,0,1,sold_out,16,0,shopee,https://shopee.vn/Smart-Tivi-QLED-Samsung-4K-55-Inch-QA55Q80BAKXXV-Mi%E1%BB%85n-ph%C3%AD-l%E1%BA%AFp-%C4%91%E1%BA%B7t-i.65589552.21643101901
1686265454,2023-06-08 23:04:14,21643101901,44681050,,0,0,1,sold_out,19,0,shopee,https://shopee.vn/Smart-Tivi-QLED-Samsung-4K-55-Inch-QA55Q80BAKXXV-Mi%E1%BB%85n-ph%C3%AD-l%E1%BA%AFp-%C4%91%E1%BA%B7t-i.65589552.21643101901
1686267102,2023-06-08 23:31:42,21643101901,46300953,,0,0,1,sold_out,25,0,shopee,https://shopee.vn/Smart-Tivi-QLED-Samsung-4K-55-Inch-QA55Q80BAKXXV-Mi%E1%BB%85n-ph%C3%AD-l%E1%BA%AFp-%C4%91%E1%BA%B7t-i.65589552.21643101901
1686271015,2023-06-09 00:36:55,21643101901,41338239,,0,0,1,sold_out,14,0,shopee,https://shopee.vn/Smart-Tivi-QLED-Samsung-4K-55-Inch-QA55Q80BAKXXV-Mi%E1%BB%85n-ph%C3%AD-l%E1%BA%AFp-%C4%91%E1%BA%B7t-i.65589552.21643101901
1686277258,2023-06-09 02:20:58,21643101901,48885404,,0,0,1,sold_out,26,0,shopee,https://shopee.vn/Smart-Tivi-QLED-Samsung-4K-55-Inch-QA55Q80BAKXXV-Mi%E1%BB%85n-ph%C3%AD-l%E1%BA%AFp-%C4%91%E1%BA%B7t-i.65589552.21643101901
1686279884,2023-06-09 03:04:44,21643101901,40373953,,0,0,1,sold_out,27,0,shopee,https://shopee.vn/Smart-Tivi-QLED-Samsung-4K-55-Inch-QA55Q80BAKXXV-Mi%E1%BB%85n-ph%C3%AD-l%E1%BA%AFp-%C4%91%E1%BA%B7t-i.65589552.21643101901
1686281627,2023-06-09 03:33:47,21643101901,39593086,,0,0,1,sold_out,27,0,shopee,https://shopee.vn/Smart-Tivi-QLED-Samsung-4K-55-Inch-QA55Q80BAKXXV-Mi%E1%BB%85n-ph%C3%AD-l%E1%BA%AFp-%C4%91%E1%BA%B7t-i.65589552.21643101901
1686283619,2023-06-09 04:06:59,21643101901,45086498,,0,0,1,sold_out,21,0,shopee,https://shopee.vn/Smart-Tivi-QLED-Samsung-4K-55-Inch-QA55Q80BAKXXV-Mi%E1%BB%85n-ph%C3%AD-l%E1%BA%AFp-%C4%91%E1%BA%B7t-i.65589552.21643101901
1686285100,2023-06-09 04:31:40,21643101901,45890509,,0,0,1,sold_out,27,0,shopee,https://shopee.vn/Smart-Tivi-QLED-Samsung-4K-55-Inch-QA55Q80BAKXXV-Mi%E1%BB%85n-ph%C3%AD-l%E1%BA%AFp-%C4%91%E1%BA%B7t-i.65589552.21643101901
1686287040,2023-06-09 05:04:00,21643101901,44088909,,0,0,1,sold_out,26,0,shopee,https://shopee.vn/Smart-Tivi-QLED-Samsung-4K-55-Inch-QA55Q80BAKXXV-Mi%E1%BB%85n-ph%C3%AD-l%E1%BA%AFp-%C4%91%E1%BA%B7t-i.65589552.21643101901
1686288685,2023-06-09 05:31:25,21643101901,48000495,,0,0,1,sold_out,26,0,shopee,https://shopee.vn/Smart-Tivi-QLED-Samsung-4K-55-Inch-QA55Q80BAKXXV-Mi%E1%BB%85n-ph%C3%AD-l%E1%BA%AFp-%C4%91%E1%BA%B7t-i.65589552.21643101901
1686290888,2023-06-09 06:08:08,21643101901,48710384,,0,0,1,sold_out,18,0,shopee,https://shopee.vn/Smart-Tivi-QLED-Samsung-4K-55-Inch-QA55Q80BAKXXV-Mi%E1%BB%85n-ph%C3%AD-l%E1%BA%AFp-%C4%91%E1%BA%B7t-i.65589552.21643101901
1686292380,2023-06-09 06:33:00,21643101901,43211009,,0,0,1,sold_out,27,0,shopee,https://shopee.vn/Smart-Tivi-QLED-Samsung-4K-55-Inch-QA55Q80BAKXXV-Mi%E1%BB%85n-ph%C3%AD-l%E1%BA%AFp-%C4%91%E1%BA%B7t-i.65589552.21643101901
1686294276,2023-06-09 07:04:36,21643101901,46087496,,0,0,1,sold_out,22,0,shopee,https://shopee.vn/Smart-Tivi-QLED-Samsung-4K-55-Inch-QA55Q80BAKXXV-Mi%E1%BB%85n-ph%C3%AD-l%E1%BA%AFp-%C4%91%E1%BA%B7t-i.65589552.21643101901
1686295895,2023-06-09 07:31:35,21643101901,40211443,,0,0,1,sold_out,25,0,shopee,https://shopee.vn/Smart-Tivi-QLED-Samsung-4K-55-Inch-QA55Q80BAKXXV-Mi%E1%BB%85n-ph%C3%AD-l%E1%BA%AFp-%C4%91%E1%BA%B7t-i.65589552.21643101901
1686298083,2023-06-09 08:08:03,21643101901,43708320,,0,0,1,sold_out,15,0,shopee,https://shopee.vn/Smart-Tivi-QLED-Samsung-4K-55-Inch-QA55Q80BAKXXV-Mi%E1%BB%85n-ph%C3%AD-l%E1%BA%AFp-%C4%91%E1%BA%B7t-i.65589552.21643101901
1686299497,2023-06-09 08:31:37,21643101901,37186096,,0,0,1,sold_out,21,0,shopee,https://shopee.vn/Smart-Tivi-QLED-Samsung-4K-55-Inch-QA55Q80BAKXXV-Mi%E1%BB%85n-ph%C3%AD-l%E1%BA%AFp-%C4%91%E1%BA%B7t-i.65589552.21643101901
1686301451,2023-06-09 09:04:11,21643101901,48730257,,0,0,1,sold_out,20,0,shopee,https://shopee.vn/Smart-Tivi-QLED-Samsung-4K-55-Inch-QA55Q80BAKXXV-Mi%E1%BB%85n-ph%C3%AD-l%E1%BA%AFp-%C4%91%E1%BA%B7t-i.65589552.21643101901
1686303091,2023-06-09 09:31:31,21643101901,38385244,,0,0,1,sold_out,19,0,shopee,https://shopee.vn/Smart-Tivi-QLED-Samsung-4K-55-Inch-QA55Q80BAKXXV-Mi%E1%BB%85n-ph%C3%AD-l%E1%BA%AFp-%C4%91%E1%BA%B7t-i.65589552.21643101901
1686305070,2023-06-09 10:04:30,21643101901,37168230,,0,0,1,sold_out,22,0,shopee,https://shopee.vn/Smart-Tivi-QLED-Samsung-4K-55-Inch-QA55Q80BAKXXV-Mi%E1%BB%85n-ph%C3%AD-l%E1%BA%AFp-%C4%91%E1%BA%B7t-i.65589552.21643101901
1686306743,2023-06-09 10:32:23,21643101901,44121154,,0,0,1,sold_out,18,0,shopee,https://shopee.vn/Smart-Tivi-QLED-Samsung-4K-55-Inch-QA55Q80BAKXXV-Mi%E1%BB%85n-ph%C3%AD-l%E1%BA%AFp-%C4%91%E1%BA%B7t-i.65589552.21643101901
1686308561,2023-06-09 11:02:41,21643101901,41183477,,0,0,1,sold_out,17,0,shopee,https://shopee.vn/Smart-Tivi-QLED-Samsung-4K-55-Inch-QA55Q80BAKXXV-Mi%E1%BB%85n-ph%C3%AD-l%E1%BA%AFp-%C4%91%E1%BA%B7t-i.65589552.21643101901
1686310281,2023-06-09 11:31:21,21643101901,42836847,,0,0,1,sold_out,25,0,shopee,https://shopee.vn/Smart-Tivi-QLED-Samsung-4K-55-Inch-QA55Q80BAKXXV-Mi%E1%BB%85n-ph%C3%AD-l%E1%BA%AFp-%C4%91%E1%BA%B7t-i.65589552.21643101901
1686312615,2023-06-09 12:10:15,21643101901,43735391,,0,0,1,sold_out,25,0,shopee,https://shopee.vn/Smart-Tivi-QLED-Samsung-4K-55-Inch-QA55Q80BAKXXV-Mi%E1%BB%85n-ph%C3%AD-l%E1%BA%AFp-%C4%91%E1%BA%B7t-i.65589552.21643101901
1686314876,2023-06-09 12:47:56,21643101901,42015592,,0,0,1,sold_out,17,0,shopee,https://shopee.vn/Smart-Tivi-QLED-Samsung-4K-55-Inch-QA55Q80BAKXXV-Mi%E1%BB%85n-ph%C3%AD-l%E1%BA%AFp-%C4%91%E1%BA%B7t-i.65589552.21643101901
1686316099,2023-06-09 13:08:19,21643101901,38796773,,0,0,1,sold_out,26,0,shopee,https://shopee.vn/Smart-Tivi-QLED-Samsung-4K-55-Inch-QA55Q80BAKXXV-Mi%E1%BB%85n-ph%C3%AD-l%E1%BA%AFp-%C4%91%E1%BA%B7t-i.65589552.21643101901
1686317486,2023-06-09 13:31:26,21643101901,38033450,,0,0,1,sold_out,18,0,shopee,https://shopee.vn/Smart-Tivi-QLED-Samsung-4K-55-Inch-QA55Q80BAKXXV-Mi%E1%BB%85n-ph%C3%AD-l%E1%BA%AFp-%C4%91%E1%BA%B7t-i.65589552.21643101901
1686319351,2023-06-09 14:02:31,21643101901,44213979,,0,0,1,sold_out,25,0,shopee,https://shopee.vn/Smart-Tivi-QLED-Samsung-4K-55-Inch-QA55Q80BAKXXV-Mi%E1%BB%85n-ph%C3%AD-l%E1%BA%AFp-%C4%91%E1%BA%B7t-i.65589552.21643101901
1686321077,2023-06-09 14:31:17,21643101901,47630529,,0,0,1,sold_out,25,0,shopee,https://shopee.vn/Smart-Tivi-QLED-Samsung-4K-55-Inch-QA55Q80BAKXXV-Mi%E1%BB%85n-ph%C3%AD-l%E1%BA%AFp-%C4%91%E1%BA%B7t-i.65589552.21643101901
1686323006,2023-06-09 15:03:26,21643101901,48724625,,0,0,1,sold_out,17,0,shopee,https://shopee.vn/Smart-Tivi-QLED-Samsung-4K-55-Inch-QA55Q80BAKXXV-Mi%E1%BB%85n-ph%C3%AD-l%E1%BA%AFp-%C4%91%E1%BA%B7t-i.65589552.21643101901
1686324687,2023-06-09 15:31:27,21643101901,42055217,,0,0,1,sold_out,14,0,shopee,https://shopee.vn/Smart-Tivi-QLED-Samsung-4K-55-Inch-QA55Q80BAKXXV-Mi%E1%BB%85n-ph%C3%AD-l%E1%BA%AFp-%C4%91%E1%BA%B7t-i.65589552.21643101901
1686326812,2023-06-09 16:06:52,21643101901,37249027,,0,0,1,sold_out,19,0,shopee,https://shopee.vn/Smart-Tivi-QLED-Samsung-4K-55-Inch-QA55Q80BAKXXV-Mi%E1%BB%85n-ph%C3%AD-l%E1%BA%AFp-%C4%91%E1%BA%B7t-i.65589552.21643101901
1686328533,2023-06-09 16:35:33,21643101901,47594880,,0,0,1,sold_out,26,0,shopee,https://shopee.vn/Smart-Tivi-QLED-Samsung-4K-55-Inch-QA55Q80BAKXXV-Mi%E1%BB%85n-ph%C3%AD-l%E1%BA%AFp-%C4%91%E1%BA%B7t-i.65589552.21643101901
1686330151,2023-06-09 17:02:31,21643101901,41217376,,0,0,1,sold_out,19,0,shopee,https://shopee.vn/Smart-Tivi-QLED-Samsung-4K-55-Inch-QA55Q80BAKXXV-Mi%E1%BB%85n-ph%C3%AD-l%E1%BA%AFp-%C4%91%E1%BA%B7t-i.65589552.21643101901
1686331885,2023-06-09 17:31:25,21643101901,41297897,,0,0,1,sold_out,22,0,shopee,https://shopee.vn/Smart-Tivi-QLED-Samsung-4K-55-Inch-QA55Q80BAKXXV-Mi%E1%BB%85n-ph%C3%AD-l%E1%BA%AFp-%C4%91%E1%BA%B7t-i.65589552.21643101901
1686334023,2023-06-09 18:07:03,21643101901,42627412,,0,0,1,sold_out,21,0,shopee,https://shopee.vn/Smart-Tivi-QLED-Samsung-4K-55-Inch-QA55Q80BAKXXV-Mi%E1%BB%85n-ph%C3%AD-l%E1%BA%AFp-%C4%91%E1%BA%B7t-i.65589552.21643101901
1686335476,2023-06-09 18:31:16,21643101901,38776015,,0,0,1,sold_out,15,0,shopee,https://shopee.vn/Smart-Tivi-QLED-Samsung-4K-55-Inch-QA55Q80BAKXXV-Mi%E1%BB%85n-ph%C3%AD-l%E1%BA%AFp-%C4%91%E1%BA%B7t-i.65589552.21643101901
1686337351,2023-06-09 19:02:31,21643101901,46087496,,0,0,1,sold_out,22,0,shopee,https://shopee.vn/Smart-Tivi-QLED-Samsung-4K-55-Inch-QA55Q80BAKXXV-Mi%E1%BB%85n-ph%C3%AD-l%E1%BA%AFp-%C4%91%E1%BA%B7t-i.65589552.21643101901
1686339094,2023-06-09 19:31:34,21643101901,43006598,,0,0,1,sold_out,26,0,shopee,https://shopee.vn/Smart-Tivi-QLED-Samsung-4K-55-Inch-QA55Q80BAKXXV-Mi%E1%BB%85n-ph%C3%AD-l%E1%BA%AFp-%C4%91%E1%BA%B7t-i.65589552.21643101901
1686340997,2023-06-09 20:03:17,21643101901,48985665,,0,0,1,sold_out,27,0,shopee,https://shopee.vn/Smart-Tivi-QLED-Samsung-4K-55-Inch-QA55Q80BAKXXV-Mi%E1%BB%85n-ph%C3%AD-l%E1%BA%AFp-%C4%91%E1%BA%B7t-i.65589552.21643101901
1686342681,2023-06-09 20:31:21,21643101901,43267272,,0,0,1,sold_out,15,0,shopee,https://shopee.vn/Smart-Tivi-QLED-Samsung-4K-55-Inch-QA55Q80BAKXXV-Mi%E1%BB%85n-ph%C3%AD-l%E1%BA%AFp-%C4%91%E1%BA%B7t-i.65589552.21643101901
1686344552,2023-06-09 21:02:32,21643101901,46005641,,0,0,1,sold_out,17,0,shopee,https://shopee.vn/Smart-Tivi-QLED-Samsung-4K-55-Inch-QA55Q80BAKXXV-Mi%E1%BB%85n-ph%C3%AD-l%E1%BA%AFp-%C4%91%E1%BA%B7t-i.65589552.21643101901
1686346285,2023-06-09 21:31:25,21643101901,39221566,,0,0,1,sold_out,17,0,shopee,https://shopee.vn/Smart-Tivi-QLED-Samsung-4K-55-Inch-QA55Q80BAKXXV-Mi%E1%BB%85n-ph%C3%AD-l%E1%BA%AFp-%C4%91%E1%BA%B7t-i.65589552.21643101901
1686348182,2023-06-09 22:03:02,21643101901,41918251,,0,0,1,sold_out,27,0,shopee,https://shopee.vn/Smart-Tivi-QLED-Samsung-4K-55-Inch-QA55Q80BAKXXV-Mi%E1%BB%85n-ph%C3%AD-l%E1%BA%AFp-%C4%91%E1%BA%B7t-i.65589552.21643101901
1686349881,2023-06-09 22:31:21,21643101901,38196111,,0,0,1,sold_out,23,0,shopee,https://shopee.vn/Smart-Tivi-QLED-Samsung-4K-55-Inch-QA55Q80BAKXXV-Mi%E1%BB%85n-ph%C3%AD-l%E1%BA%AFp-%C4%91%E1%BA%B7t-i.65589552.21643101901
1686351806,2023-06-09 23:03:26,21643101901,40523074,,0,0,1,sold_out,21,0,shopee,https://shopee.vn/Smart-Tivi-QLED-Samsung-4K-55-Inch-QA55Q80BAKXXV-Mi%E1%BB%85n-ph%C3%AD-l%E1%BA%AFp-%C4%91%E1%BA%B7t-i.65589552.21643101901
1686353483,2023-06-09 23:31:23,21643101901,39651082,,0,0,1,sold_out,21,0,shopee,https://shopee.vn/Smart-Tivi-QLED-Samsung-4K-55-Inch-QA55Q80BAKXXV-Mi%E1%BB%85n-ph%C3%AD-l%E1%BA%AFp-%C4%91%E1%BA%B7t-i.65589552.21643101901
1686357124,2023-06-10 00:32:04,21643101901,37629888,,0,0,1,sold_out,27,0,shopee,https://shopee.vn/Smart-Tivi-QLED-Samsung-4K-55-Inch-QA55Q80BAKXXV-Mi%E1%BB%85n-ph%C3%AD-l%E1%BA%AFp-%C4%91%E1%BA%B7t-i.65589552.21643101901
1686362970,2023-06-10 02:09:30,21643101901,48985665,,0,0,1,sold_out,27,0,shopee,https://shopee.vn/Smart-Tivi-QLED-Samsung-4K-55-Inch-QA55Q80BAKXXV-Mi%E1%BB%85n-ph%C3%AD-l%E1%BA%AFp-%C4%91%E1%BA%B7t-i.65589552.21643101901
1686365571,2023-06-10 02:52:51,21643101901,38435381,,0,0,1,sold_out,21,0,shopee,https://shopee.vn/Smart-Tivi-QLED-Samsung-4K-55-Inch-QA55Q80BAKXXV-Mi%E1%BB%85n-ph%C3%AD-l%E1%BA%AFp-%C4%91%E1%BA%B7t-i.65589552.21643101901
1686366213,2023-06-10 03:03:33,21643101901,45231719,,0,0,1,sold_out,18,0,shopee,https://shopee.vn/Smart-Tivi-QLED-Samsung-4K-55-Inch-QA55Q80BAKXXV-Mi%E1%BB%85n-ph%C3%AD-l%E1%BA%AFp-%C4%91%E1%BA%B7t-i.65589552.21643101901
1686367897,2023-06-10 03:31:37,21643101901,41047063,,0,0,1,sold_out,24,0,shopee,https://shopee.vn/Smart-Tivi-QLED-Samsung-4K-55-Inch-QA55Q80BAKXXV-Mi%E1%BB%85n-ph%C3%AD-l%E1%BA%AFp-%C4%91%E1%BA%B7t-i.65589552.21643101901
1686369962,2023-06-10 04:06:02,21643101901,49225332,,0,0,1,sold_out,22,0,shopee,https://shopee.vn/Smart-Tivi-QLED-Samsung-4K-55-Inch-QA55Q80BAKXXV-Mi%E1%BB%85n-ph%C3%AD-l%E1%BA%AFp-%C4%91%E1%BA%B7t-i.65589552.21643101901
1686371488,2023-06-10 04:31:28,21643101901,40933135,,0,0,1,sold_out,18,0,shopee,https://shopee.vn/Smart-Tivi-QLED-Samsung-4K-55-Inch-QA55Q80BAKXXV-Mi%E1%BB%85n-ph%C3%AD-l%E1%BA%AFp-%C4%91%E1%BA%B7t-i.65589552.21643101901
1686373393,2023-06-10 05:03:13,21643101901,48896666,,0,0,1,sold_out,16,0,shopee,https://shopee.vn/Smart-Tivi-QLED-Samsung-4K-55-Inch-QA55Q80BAKXXV-Mi%E1%BB%85n-ph%C3%AD-l%E1%BA%AFp-%C4%91%E1%BA%B7t-i.65589552.21643101901
1686375094,2023-06-10 05:31:34,21643101901,37681159,,0,0,1,sold_out,18,0,shopee,https://shopee.vn/Smart-Tivi-QLED-Samsung-4K-55-Inch-QA55Q80BAKXXV-Mi%E1%BB%85n-ph%C3%AD-l%E1%BA%AFp-%C4%91%E1%BA%B7t-i.65589552.21643101901
1686377225,2023-06-10 06:07:05,21643101901,46339890,,0,0,1,sold_out,17,0,shopee,https://shopee.vn/Smart-Tivi-QLED-Samsung-4K-55-Inch-QA55Q80BAKXXV-Mi%E1%BB%85n-ph%C3%AD-l%E1%BA%AFp-%C4%91%E1%BA%B7t-i.65589552.21643101901
1686378674,2023-06-10 06:31:14,21643101901,47754881,,0,0,1,sold_out,23,0,shopee,https://shopee.vn/Smart-Tivi-QLED-Samsung-4K-55-Inch-QA55Q80BAKXXV-Mi%E1%BB%85n-ph%C3%AD-l%E1%BA%AFp-%C4%91%E1%BA%B7t-i.65589552.21643101901
1686380572,2023-06-10 07:02:52,21643101901,42264542,,0,0,1,sold_out,16,0,shopee,https://shopee.vn/Smart-Tivi-QLED-Samsung-4K-55-Inch-QA55Q80BAKXXV-Mi%E1%BB%85n-ph%C3%AD-l%E1%BA%AFp-%C4%91%E1%BA%B7t-i.65589552.21643101901
1686382285,2023-06-10 07:31:25,21643101901,44531805,,0,0,1,sold_out,20,0,shopee,https://shopee.vn/Smart-Tivi-QLED-Samsung-4K-55-Inch-QA55Q80BAKXXV-Mi%E1%BB%85n-ph%C3%AD-l%E1%BA%AFp-%C4%91%E1%BA%B7t-i.65589552.21643101901
1686384413,2023-06-10 08:06:53,21643101901,42907458,,0,0,1,sold_out,27,0,shopee,https://shopee.vn/Smart-Tivi-QLED-Samsung-4K-55-Inch-QA55Q80BAKXXV-Mi%E1%BB%85n-ph%C3%AD-l%E1%BA%AFp-%C4%91%E1%BA%B7t-i.65589552.21643101901
1686385890,2023-06-10 08:31:30,21643101901,41771558,,0,0,1,sold_out,22,0,shopee,https://shopee.vn/Smart-Tivi-QLED-Samsung-4K-55-Inch-QA55Q80BAKXXV-Mi%E1%BB%85n-ph%C3%AD-l%E1%BA%AFp-%C4%91%E1%BA%B7t-i.65589552.21643101901
1686387795,2023-06-10 09:03:15,21643101901,41078138,,0,0,1,sold_out,20,0,shopee,https://shopee.vn/Smart-Tivi-QLED-Samsung-4K-55-Inch-QA55Q80BAKXXV-Mi%E1%BB%85n-ph%C3%AD-l%E1%BA%AFp-%C4%91%E1%BA%B7t-i.65589552.21643101901
1686389499,2023-06-10 09:31:39,21643101901,36867120,,0,0,1,sold_out,24,0,shopee,https://shopee.vn/Smart-Tivi-QLED-Samsung-4K-55-Inch-QA55Q80BAKXXV-Mi%E1%BB%85n-ph%C3%AD-l%E1%BA%AFp-%C4%91%E1%BA%B7t-i.65589552.21643101901
1686391380,2023-06-10 10:03:00,21643101901,45345285,,0,0,1,sold_out,22,0,shopee,https://shopee.vn/Smart-Tivi-QLED-Samsung-4K-55-Inch-QA55Q80BAKXXV-Mi%E1%BB%85n-ph%C3%AD-l%E1%BA%AFp-%C4%91%E1%BA%B7t-i.65589552.21643101901
1686393088,2023-06-10 10:31:28,21643101901,40885269,,0,0,1,sold_out,27,0,shopee,https://shopee.vn/Smart-Tivi-QLED-Samsung-4K-55-Inch-QA55Q80BAKXXV-Mi%E1%BB%85n-ph%C3%AD-l%E1%BA%AFp-%C4%91%E1%BA%B7t-i.65589552.21643101901
1686394937,2023-06-10 11:02:17,21643101901,43562944,,0,0,1,sold_out,18,0,shopee,https://shopee.vn/Smart-Tivi-QLED-Samsung-4K-55-Inch-QA55Q80BAKXXV-Mi%E1%BB%85n-ph%C3%AD-l%E1%BA%AFp-%C4%91%E1%BA%B7t-i.65589552.21643101901
1686396676,2023-06-10 11:31:16,21643101901,46587207,,0,0,1,sold_out,21,0,shopee,https://shopee.vn/Smart-Tivi-QLED-Samsung-4K-55-Inch-QA55Q80BAKXXV-Mi%E1%BB%85n-ph%C3%AD-l%E1%BA%AFp-%C4%91%E1%BA%B7t-i.65589552.21643101901
1686398919,2023-06-10 12:08:39,21643101901,37965396,,0,0,1,sold_out,23,0,shopee,https://shopee.vn/Smart-Tivi-QLED-Samsung-4K-55-Inch-QA55Q80BAKXXV-Mi%E1%BB%85n-ph%C3%AD-l%E1%BA%AFp-%C4%91%E1%BA%B7t-i.65589552.21643101901
1686401064,2023-06-10 12:44:24,21643101901,41772745,,0,0,1,sold_out,26,0,shopee,https://shopee.vn/Smart-Tivi-QLED-Samsung-4K-55-Inch-QA55Q80BAKXXV-Mi%E1%BB%85n-ph%C3%AD-l%E1%BA%AFp-%C4%91%E1%BA%B7t-i.65589552.21643101901
1686402314,2023-06-10 13:05:14,21643101901,40318905,,0,0,1,sold_out,26,0,shopee,https://shopee.vn/Smart-Tivi-QLED-Samsung-4K-55-Inch-QA55Q80BAKXXV-Mi%E1%BB%85n-ph%C3%AD-l%E1%BA%AFp-%C4%91%E1%BA%B7t-i.65589552.21643101901
1686403888,2023-06-10 13:31:28,21643101901,45976552,,0,0,1,sold_out,14,0,shopee,https://shopee.vn/Smart-Tivi-QLED-Samsung-4K-55-Inch-QA55Q80BAKXXV-Mi%E1%BB%85n-ph%C3%AD-l%E1%BA%AFp-%C4%91%E1%BA%B7t-i.65589552.21643101901
1686405728,2023-06-10 14:02:08,21643101901,40244129,,0,0,1,sold_out,14,0,shopee,https://shopee.vn/Smart-Tivi-QLED-Samsung-4K-55-Inch-QA55Q80BAKXXV-Mi%E1%BB%85n-ph%C3%AD-l%E1%BA%AFp-%C4%91%E1%BA%B7t-i.65589552.21643101901
1686407474,2023-06-10 14:31:14,21643101901,49300071,,0,0,1,sold_out,14,0,shopee,https://shopee.vn/Smart-Tivi-QLED-Samsung-4K-55-Inch-QA55Q80BAKXXV-Mi%E1%BB%85n-ph%C3%AD-l%E1%BA%AFp-%C4%91%E1%BA%B7t-i.65589552.21643101901
1686409369,2023-06-10 15:02:49,21643101901,45094221,,0,0,1,sold_out,19,0,shopee,https://shopee.vn/Smart-Tivi-QLED-Samsung-4K-55-Inch-QA55Q80BAKXXV-Mi%E1%BB%85n-ph%C3%AD-l%E1%BA%AFp-%C4%91%E1%BA%B7t-i.65589552.21643101901
1686411079,2023-06-10 15:31:19,21643101901,40788872,,0,0,1,sold_out,27,0,shopee,https://shopee.vn/Smart-Tivi-QLED-Samsung-4K-55-Inch-QA55Q80BAKXXV-Mi%E1%BB%85n-ph%C3%AD-l%E1%BA%AFp-%C4%91%E1%BA%B7t-i.65589552.21643101901
1686413202,2023-06-10 16:06:42,21643101901,40892050,,0,0,1,sold_out,22,0,shopee,https://shopee.vn/Smart-Tivi-QLED-Samsung-4K-55-Inch-QA55Q80BAKXXV-Mi%E1%BB%85n-ph%C3%AD-l%E1%BA%AFp-%C4%91%E1%BA%B7t-i.65589552.21643101901
1686414854,2023-06-10 16:34:14,21643101901,39676056,,0,0,1,sold_out,20,0,shopee,https://shopee.vn/Smart-Tivi-QLED-Samsung-4K-55-Inch-QA55Q80BAKXXV-Mi%E1%BB%85n-ph%C3%AD-l%E1%BA%AFp-%C4%91%E1%BA%B7t-i.65589552.21643101901
1686416540,2023-06-10 17:02:20,21643101901,43618191,,0,0,1,sold_out,20,0,shopee,https://shopee.vn/Smart-Tivi-QLED-Samsung-4K-55-Inch-QA55Q80BAKXXV-Mi%E1%BB%85n-ph%C3%AD-l%E1%BA%AFp-%C4%91%E1%BA%B7t-i.65589552.21643101901
1686418290,2023-06-10 17:31:30,21643101901,36822790,,0,0,1,sold_out,25,0,shopee,https://shopee.vn/Smart-Tivi-QLED-Samsung-4K-55-Inch-QA55Q80BAKXXV-Mi%E1%BB%85n-ph%C3%AD-l%E1%BA%AFp-%C4%91%E1%BA%B7t-i.65589552.21643101901
1686420329,2023-06-10 18:05:29,21643101901,43195963,,0,0,1,sold_out,14,0,shopee,https://shopee.vn/Smart-Tivi-QLED-Samsung-4K-55-Inch-QA55Q80BAKXXV-Mi%E1%BB%85n-ph%C3%AD-l%E1%BA%AFp-%C4%91%E1%BA%B7t-i.65589552.21643101901
1686421881,2023-06-10 18:31:21,21643101901,41825798,,0,0,1,sold_out,21,0,shopee,https://shopee.vn/Smart-Tivi-QLED-Samsung-4K-55-Inch-QA55Q80BAKXXV-Mi%E1%BB%85n-ph%C3%AD-l%E1%BA%AFp-%C4%91%E1%BA%B7t-i.65589552.21643101901
1686423733,2023-06-10 19:02:13,21643101901,43009774,,0,0,1,sold_out,22,0,shopee,https://shopee.vn/Smart-Tivi-QLED-Samsung-4K-55-Inch-QA55Q80BAKXXV-Mi%E1%BB%85n-ph%C3%AD-l%E1%BA%AFp-%C4%91%E1%BA%B7t-i.65589552.21643101901
1686425479,2023-06-10 19:31:19,21643101901,43940512,,0,0,1,sold_out,25,0,shopee,https://shopee.vn/Smart-Tivi-QLED-Samsung-4K-55-Inch-QA55Q80BAKXXV-Mi%E1%BB%85n-ph%C3%AD-l%E1%BA%AFp-%C4%91%E1%BA%B7t-i.65589552.21643101901
1686427601,2023-06-10 20:06:41,21643101901,45933077,,0,0,1,sold_out,19,0,shopee,https://shopee.vn/Smart-Tivi-QLED-Samsung-4K-55-Inch-QA55Q80BAKXXV-Mi%E1%BB%85n-ph%C3%AD-l%E1%BA%AFp-%C4%91%E1%BA%B7t-i.65589552.21643101901
1686429090,2023-06-10 20:31:30,21643101901,42585000,,0,0,1,sold_out,15,0,shopee,https://shopee.vn/Smart-Tivi-QLED-Samsung-4K-55-Inch-QA55Q80BAKXXV-Mi%E1%BB%85n-ph%C3%AD-l%E1%BA%AFp-%C4%91%E1%BA%B7t-i.65589552.21643101901
1686430931,2023-06-10 21:02:11,21643101901,44444927,,0,0,1,sold_out,18,0,shopee,https://shopee.vn/Smart-Tivi-QLED-Samsung-4K-55-Inch-QA55Q80BAKXXV-Mi%E1%BB%85n-ph%C3%AD-l%E1%BA%AFp-%C4%91%E1%BA%B7t-i.65589552.21643101901
1686432682,2023-06-10 21:31:22,21643101901,40511968,,0,0,1,sold_out,20,0,shopee,https://shopee.vn/Smart-Tivi-QLED-Samsung-4K-55-Inch-QA55Q80BAKXXV-Mi%E1%BB%85n-ph%C3%AD-l%E1%BA%AFp-%C4%91%E1%BA%B7t-i.65589552.21643101901
1686434578,2023-06-10 22:02:58,21643101901,41717517,,0,0,1,sold_out,21,0,shopee,https://shopee.vn/Smart-Tivi-QLED-Samsung-4K-55-Inch-QA55Q80BAKXXV-Mi%E1%BB%85n-ph%C3%AD-l%E1%BA%AFp-%C4%91%E1%BA%B7t-i.65589552.21643101901
1686436286,2023-06-10 22:31:26,21643101901,39001677,,0,0,1,sold_out,26,0,shopee,https://shopee.vn/Smart-Tivi-QLED-Samsung-4K-55-Inch-QA55Q80BAKXXV-Mi%E1%BB%85n-ph%C3%AD-l%E1%BA%AFp-%C4%91%E1%BA%B7t-i.65589552.21643101901
1686438182,2023-06-10 23:03:02,21643101901,44093854,,0,0,1,sold_out,14,0,shopee,https://shopee.vn/Smart-Tivi-QLED-Samsung-4K-55-Inch-QA55Q80BAKXXV-Mi%E1%BB%85n-ph%C3%AD-l%E1%BA%AFp-%C4%91%E1%BA%B7t-i.65589552.21643101901
1686439882,2023-06-10 23:31:22,21643101901,43592739,,0,0,1,sold_out,23,0,shopee,https://shopee.vn/Smart-Tivi-QLED-Samsung-4K-55-Inch-QA55Q80BAKXXV-Mi%E1%BB%85n-ph%C3%AD-l%E1%BA%AFp-%C4%91%E1%BA%B7t-i.65589552.21643101901
1686443880,2023-06-11 00:38:00,21643101901,36975530,,0,0,1,sold_out,21,0,shopee,https://shopee.vn/Smart-Tivi-QLED-Samsung-4K-55-Inch-QA55Q80BAKXXV-Mi%E1%BB%85n-ph%C3%AD-l%E1%BA%AFp-%C4%91%E1%BA%B7t-i.65589552.21643101901
1686450508,2023-06-11 02:28:28,21643101901,44670627,,0,0,1,sold_out,14,0,shopee,https://shopee.vn/Smart-Tivi-QLED-Samsung-4K-55-Inch-QA55Q80BAKXXV-Mi%E1%BB%85n-ph%C3%AD-l%E1%BA%AFp-%C4%91%E1%BA%B7t-i.65589552.21643101901
1686452993,2023-06-11 03:09:53,21643101901,47726815,,0,0,1,sold_out,16,0,shopee,https://shopee.vn/Smart-Tivi-QLED-Samsung-4K-55-Inch-QA55Q80BAKXXV-Mi%E1%BB%85n-ph%C3%AD-l%E1%BA%AFp-%C4%91%E1%BA%B7t-i.65589552.21643101901
1686454516,2023-06-11 03:35:16,21643101901,48308493,,0,0,1,sold_out,26,0,shopee,https://shopee.vn/Smart-Tivi-QLED-Samsung-4K-55-Inch-QA55Q80BAKXXV-Mi%E1%BB%85n-ph%C3%AD-l%E1%BA%AFp-%C4%91%E1%BA%B7t-i.65589552.21643101901
1686456359,2023-06-11 04:05:59,21643101901,42943304,,0,0,1,sold_out,18,0,shopee,https://shopee.vn/Smart-Tivi-QLED-Samsung-4K-55-Inch-QA55Q80BAKXXV-Mi%E1%BB%85n-ph%C3%AD-l%E1%BA%AFp-%C4%91%E1%BA%B7t-i.65589552.21643101901
1686457893,2023-06-11 04:31:33,21643101901,40947178,,0,0,1,sold_out,16,0,shopee,https://shopee.vn/Smart-Tivi-QLED-Samsung-4K-55-Inch-QA55Q80BAKXXV-Mi%E1%BB%85n-ph%C3%AD-l%E1%BA%AFp-%C4%91%E1%BA%B7t-i.65589552.21643101901
1686459793,2023-06-11 05:03:13,21643101901,36522990,,0,0,1,sold_out,27,0,shopee,https://shopee.vn/Smart-Tivi-QLED-Samsung-4K-55-Inch-QA55Q80BAKXXV-Mi%E1%BB%85n-ph%C3%AD-l%E1%BA%AFp-%C4%91%E1%BA%B7t-i.65589552.21643101901
1686461498,2023-06-11 05:31:38,21643101901,49227460,,0,0,1,sold_out,24,0,shopee,https://shopee.vn/Smart-Tivi-QLED-Samsung-4K-55-Inch-QA55Q80BAKXXV-Mi%E1%BB%85n-ph%C3%AD-l%E1%BA%AFp-%C4%91%E1%BA%B7t-i.65589552.21643101901
1686463608,2023-06-11 06:06:48,21643101901,42331844,,0,0,1,sold_out,18,0,shopee,https://shopee.vn/Smart-Tivi-QLED-Samsung-4K-55-Inch-QA55Q80BAKXXV-Mi%E1%BB%85n-ph%C3%AD-l%E1%BA%AFp-%C4%91%E1%BA%B7t-i.65589552.21643101901
1686465101,2023-06-11 06:31:41,21643101901,37761153,,0,0,1,sold_out,24,0,shopee,https://shopee.vn/Smart-Tivi-QLED-Samsung-4K-55-Inch-QA55Q80BAKXXV-Mi%E1%BB%85n-ph%C3%AD-l%E1%BA%AFp-%C4%91%E1%BA%B7t-i.65589552.21643101901
1686466964,2023-06-11 07:02:44,21643101901,37634377,,0,0,1,sold_out,27,0,shopee,https://shopee.vn/Smart-Tivi-QLED-Samsung-4K-55-Inch-QA55Q80BAKXXV-Mi%E1%BB%85n-ph%C3%AD-l%E1%BA%AFp-%C4%91%E1%BA%B7t-i.65589552.21643101901
1686468679,2023-06-11 07:31:19,21643101901,45015898,,0,0,1,sold_out,20,0,shopee,https://shopee.vn/Smart-Tivi-QLED-Samsung-4K-55-Inch-QA55Q80BAKXXV-Mi%E1%BB%85n-ph%C3%AD-l%E1%BA%AFp-%C4%91%E1%BA%B7t-i.65589552.21643101901
1686470805,2023-06-11 08:06:45,21643101901,47448396,,0,0,1,sold_out,16,0,shopee,https://shopee.vn/Smart-Tivi-QLED-Samsung-4K-55-Inch-QA55Q80BAKXXV-Mi%E1%BB%85n-ph%C3%AD-l%E1%BA%AFp-%C4%91%E1%BA%B7t-i.65589552.21643101901
1686472276,2023-06-11 08:31:16,21643101901,37605278,,0,0,1,sold_out,26,0,shopee,https://shopee.vn/Smart-Tivi-QLED-Samsung-4K-55-Inch-QA55Q80BAKXXV-Mi%E1%BB%85n-ph%C3%AD-l%E1%BA%AFp-%C4%91%E1%BA%B7t-i.65589552.21643101901
1686474184,2023-06-11 09:03:04,21643101901,43126658,,0,0,1,sold_out,20,0,shopee,https://shopee.vn/Smart-Tivi-QLED-Samsung-4K-55-Inch-QA55Q80BAKXXV-Mi%E1%BB%85n-ph%C3%AD-l%E1%BA%AFp-%C4%91%E1%BA%B7t-i.65589552.21643101901
1686475895,2023-06-11 09:31:35,21643101901,40031259,,0,0,1,sold_out,23,0,shopee,https://shopee.vn/Smart-Tivi-QLED-Samsung-4K-55-Inch-QA55Q80BAKXXV-Mi%E1%BB%85n-ph%C3%AD-l%E1%BA%AFp-%C4%91%E1%BA%B7t-i.65589552.21643101901
1686477806,2023-06-11 10:03:26,21643101901,37780437,,0,0,1,sold_out,25,0,shopee,https://shopee.vn/Smart-Tivi-QLED-Samsung-4K-55-Inch-QA55Q80BAKXXV-Mi%E1%BB%85n-ph%C3%AD-l%E1%BA%AFp-%C4%91%E1%BA%B7t-i.65589552.21643101901
1686479497,2023-06-11 10:31:37,21643101901,49028855,,0,0,1,sold_out,23,0,shopee,https://shopee.vn/Smart-Tivi-QLED-Samsung-4K-55-Inch-QA55Q80BAKXXV-Mi%E1%BB%85n-ph%C3%AD-l%E1%BA%AFp-%C4%91%E1%BA%B7t-i.65589552.21643101901
1686481345,2023-06-11 11:02:25,21643101901,46467457,,0,0,1,sold_out,24,0,shopee,https://shopee.vn/Smart-Tivi-QLED-Samsung-4K-55-Inch-QA55Q80BAKXXV-Mi%E1%BB%85n-ph%C3%AD-l%E1%BA%AFp-%C4%91%E1%BA%B7t-i.65589552.21643101901
1686483074,2023-06-11 11:31:14,21643101901,37104185,,0,0,1,sold_out,23,0,shopee,https://shopee.vn/Smart-Tivi-QLED-Samsung-4K-55-Inch-QA55Q80BAKXXV-Mi%E1%BB%85n-ph%C3%AD-l%E1%BA%AFp-%C4%91%E1%BA%B7t-i.65589552.21643101901
1686485373,2023-06-11 12:09:33,21643101901,38941666,,0,0,1,sold_out,15,0,shopee,https://shopee.vn/Smart-Tivi-QLED-Samsung-4K-55-Inch-QA55Q80BAKXXV-Mi%E1%BB%85n-ph%C3%AD-l%E1%BA%AFp-%C4%91%E1%BA%B7t-i.65589552.21643101901
1686487531,2023-06-11 12:45:31,21643101901,36840011,,0,0,1,sold_out,15,0,shopee,https://shopee.vn/Smart-Tivi-QLED-Samsung-4K-55-Inch-QA55Q80BAKXXV-Mi%E1%BB%85n-ph%C3%AD-l%E1%BA%AFp-%C4%91%E1%BA%B7t-i.65589552.21643101901
1686488766,2023-06-11 13:06:06,21643101901,46288465,,0,0,1,sold_out,16,0,shopee,https://shopee.vn/Smart-Tivi-QLED-Samsung-4K-55-Inch-QA55Q80BAKXXV-Mi%E1%BB%85n-ph%C3%AD-l%E1%BA%AFp-%C4%91%E1%BA%B7t-i.65589552.21643101901
1686490283,2023-06-11 13:31:23,21643101901,39948903,,0,0,1,sold_out,26,0,shopee,https://shopee.vn/Smart-Tivi-QLED-Samsung-4K-55-Inch-QA55Q80BAKXXV-Mi%E1%BB%85n-ph%C3%AD-l%E1%BA%AFp-%C4%91%E1%BA%B7t-i.65589552.21643101901
1686492165,2023-06-11 14:02:45,21643101901,46039489,,0,0,1,sold_out,26,0,shopee,https://shopee.vn/Smart-Tivi-QLED-Samsung-4K-55-Inch-QA55Q80BAKXXV-Mi%E1%BB%85n-ph%C3%AD-l%E1%BA%AFp-%C4%91%E1%BA%B7t-i.65589552.21643101901
1686493903,2023-06-11 14:31:43,21643101901,37560623,,0,0,1,sold_out,20,0,shopee,https://shopee.vn/Smart-Tivi-QLED-Samsung-4K-55-Inch-QA55Q80BAKXXV-Mi%E1%BB%85n-ph%C3%AD-l%E1%BA%AFp-%C4%91%E1%BA%B7t-i.65589552.21643101901
1686495745,2023-06-11 15:02:25,21643101901,47462744,,0,0,1,sold_out,23,0,shopee,https://shopee.vn/Smart-Tivi-QLED-Samsung-4K-55-Inch-QA55Q80BAKXXV-Mi%E1%BB%85n-ph%C3%AD-l%E1%BA%AFp-%C4%91%E1%BA%B7t-i.65589552.21643101901
1686497475,2023-06-11 15:31:15,21643101901,40886786,,0,0,1,sold_out,24,0,shopee,https://shopee.vn/Smart-Tivi-QLED-Samsung-4K-55-Inch-QA55Q80BAKXXV-Mi%E1%BB%85n-ph%C3%AD-l%E1%BA%AFp-%C4%91%E1%BA%B7t-i.65589552.21643101901
1686499558,2023-06-11 16:05:58,21643101901,47963139,,0,0,1,sold_out,20,0,shopee,https://shopee.vn/Smart-Tivi-QLED-Samsung-4K-55-Inch-QA55Q80BAKXXV-Mi%E1%BB%85n-ph%C3%AD-l%E1%BA%AFp-%C4%91%E1%BA%B7t-i.65589552.21643101901
1686501254,2023-06-11 16:34:14,21643101901,47720545,,0,0,1,sold_out,17,0,shopee,https://shopee.vn/Smart-Tivi-QLED-Samsung-4K-55-Inch-QA55Q80BAKXXV-Mi%E1%BB%85n-ph%C3%AD-l%E1%BA%AFp-%C4%91%E1%BA%B7t-i.65589552.21643101901
1686502953,2023-06-11 17:02:33,21643101901,41812449,,0,0,1,sold_out,25,0,shopee,https://shopee.vn/Smart-Tivi-QLED-Samsung-4K-55-Inch-QA55Q80BAKXXV-Mi%E1%BB%85n-ph%C3%AD-l%E1%BA%AFp-%C4%91%E1%BA%B7t-i.65589552.21643101901
1686504687,2023-06-11 17:31:27,21643101901,38936917,,0,0,1,sold_out,22,0,shopee,https://shopee.vn/Smart-Tivi-QLED-Samsung-4K-55-Inch-QA55Q80BAKXXV-Mi%E1%BB%85n-ph%C3%AD-l%E1%BA%AFp-%C4%91%E1%BA%B7t-i.65589552.21643101901
1686506683,2023-06-11 18:04:43,21643101901,44598211,,0,0,1,sold_out,15,0,shopee,https://shopee.vn/Smart-Tivi-QLED-Samsung-4K-55-Inch-QA55Q80BAKXXV-Mi%E1%BB%85n-ph%C3%AD-l%E1%BA%AFp-%C4%91%E1%BA%B7t-i.65589552.21643101901
1686508280,2023-06-11 18:31:20,21643101901,48118745,,0,0,1,sold_out,21,0,shopee,https://shopee.vn/Smart-Tivi-QLED-Samsung-4K-55-Inch-QA55Q80BAKXXV-Mi%E1%BB%85n-ph%C3%AD-l%E1%BA%AFp-%C4%91%E1%BA%B7t-i.65589552.21643101901
1686510147,2023-06-11 19:02:27,21643101901,21157261,48%,40492955,2,1,normal,23,0,shopee,https://shopee.vn/Smart-Tivi-QLED-Samsung-4K-55-Inch-QA55Q80BAKXXV-Mi%E1%BB%85n-ph%C3%AD-l%E1%BA%AFp-%C4%91%E1%BA%B7t-i.65589552.21643101901
1686511877,2023-06-11 19:31:17,21643101901,23872351,48%,45689375,2,1,normal,24,0,shopee,https://shopee.vn/Smart-Tivi-QLED-Samsung-4K-55-Inch-QA55Q80BAKXXV-Mi%E1%BB%85n-ph%C3%AD-l%E1%BA%AFp-%C4%91%E1%BA%B7t-i.65589552.21643101901
1686513816,2023-06-11 20:03:36,21643101901,21762669,48%,41651647,2,1,normal,16,0,shopee,https://shopee.vn/Smart-Tivi-QLED-Samsung-4K-55-Inch-QA55Q80BAKXXV-Mi%E1%BB%85n-ph%C3%AD-l%E1%BA%AFp-%C4%91%E1%BA%B7t-i.65589552.21643101901
1686515491,2023-06-11 20:31:31,21643101901,24570795,48%,47026129,2,1,normal,20,0,shopee,https://shopee.vn/Smart-Tivi-QLED-Samsung-4K-55-Inch-QA55Q80BAKXXV-Mi%E1%BB%85n-ph%C3%AD-l%E1%BA%AFp-%C4%91%E1%BA%B7t-i.65589552.21643101901
1686517344,2023-06-11 21:02:24,21643101901,25493084,48%,48791301,2,1,normal,22,0,shopee,https://shopee.vn/Smart-Tivi-QLED-Samsung-4K-55-Inch-QA55Q80BAKXXV-Mi%E1%BB%85n-ph%C3%AD-l%E1%BA%AFp-%C4%91%E1%BA%B7t-i.65589552.21643101901
1686519091,2023-06-11 21:31:31,21643101901,23681233,48%,45323594,2,1,normal,14,0,shopee,https://shopee.vn/Smart-Tivi-QLED-Samsung-4K-55-Inch-QA55Q80BAKXXV-Mi%E1%BB%85n-ph%C3%AD-l%E1%BA%AFp-%C4%91%E1%BA%B7t-i.65589552.21643101901
1686520996,2023-06-11 22:03:16,21643101901,21161806,48%,40501654,2,1,normal,20,0,shopee,https://shopee.vn/Smart-Tivi-QLED-Samsung-4K-55-Inch-QA55Q80BAKXXV-Mi%E1%BB%85n-ph%C3%AD-l%E1%BA%AFp-%C4%91%E1%BA%B7t-i.65589552.21643101901
1686522678,2023-06-11 22:31:18,21643101901,24627343,48%,47134356,2,1,normal,23,0,shopee,https://shopee.vn/Smart-Tivi-QLED-Samsung-4K-55-Inch-QA55Q80BAKXXV-Mi%E1%BB%85n-ph%C3%AD-l%E1%BA%AFp-%C4%91%E1%BA%B7t-i.65589552.21643101901
1686524605,2023-06-11 23:03:25,21643101901,25302799,48%,48427114,2,1,normal,22,0,shopee,https://shopee.vn/Smart-Tivi-QLED-Samsung-4K-55-Inch-QA55Q80BAKXXV-Mi%E1%BB%85n-ph%C3%AD-l%E1%BA%AFp-%C4%91%E1%BA%B7t-i.65589552.21643101901
1686526295,2023-06-11 23:31:35,21643101901,22052206,48%,42205793,2,1,normal,15,0,shopee,https://shopee.vn/Smart-Tivi-QLED-Samsung-4K-55-Inch-QA55Q80BAKXXV-Mi%E1%BB%85n-ph%C3%AD-l%E1%BA%AFp-%C4%91%E1%BA%B7t-i.65589552.21643101901
1686530204,2023-06-12 00:36:44,21643101901,19894976,48%,38077063,2,1,normal,15,0,shopee,https://shopee.vn/Smart-Tivi-QLED-Samsung-4K-55-Inch-QA55Q80BAKXXV-Mi%E1%BB%85n-ph%C3%AD-l%E1%BA%AFp-%C4%91%E1%BA%B7t-i.65589552.21643101901
1686536335,2023-06-12 02:18:55,21643101901,39956040,,0,2,1,normal,23,0,shopee,https://shopee.vn/Smart-Tivi-QLED-Samsung-4K-55-Inch-QA55Q80BAKXXV-Mi%E1%BB%85n-ph%C3%AD-l%E1%BA%AFp-%C4%91%E1%BA%B7t-i.65589552.21643101901
1686539011,2023-06-12 03:03:31,21643101901,49026363,,0,2,1,normal,14,0,shopee,https://shopee.vn/Smart-Tivi-QLED-Samsung-4K-55-Inch-QA55Q80BAKXXV-Mi%E1%BB%85n-ph%C3%AD-l%E1%BA%AFp-%C4%91%E1%BA%B7t-i.65589552.21643101901
1686540776,2023-06-12 03:32:56,21643101901,41529648,,0,2,1,normal,14,0,shopee,https://shopee.vn/Smart-Tivi-QLED-Samsung-4K-55-Inch-QA55Q80BAKXXV-Mi%E1%BB%85n-ph%C3%AD-l%E1%BA%AFp-%C4%91%E1%BA%B7t-i.65589552.21643101901
1686542811,2023-06-12 04:06:51,21643101901,49252975,,0,2,1,normal,27,0,shopee,https://shopee.vn/Smart-Tivi-QLED-Samsung-4K-55-Inch-QA55Q80BAKXXV-Mi%E1%BB%85n-ph%C3%AD-l%E1%BA%AFp-%C4%91%E1%BA%B7t-i.65589552.21643101901
1686544328,2023-06-12 04:32:08,21643101901,36648079,,0,2,1,normal,17,0,shopee,https://shopee.vn/Smart-Tivi-QLED-Samsung-4K-55-Inch-QA55Q80BAKXXV-Mi%E1%BB%85n-ph%C3%AD-l%E1%BA%AFp-%C4%91%E1%BA%B7t-i.65589552.21643101901
1686546236,2023-06-12 05:03:56,21643101901,40669730,,0,2,1,normal,21,0,shopee,https://shopee.vn/Smart-Tivi-QLED-Samsung-4K-55-Inch-QA55Q80BAKXXV-Mi%E1%BB%85n-ph%C3%AD-l%E1%BA%AFp-%C4%91%E1%BA%B7t-i.65589552.21643101901
1686547881,2023-06-12 05:31:21,21643101901,49093753,,0,2,1,normal,18,0,shopee,https://shopee.vn/Smart-Tivi-QLED-Samsung-4K-55-Inch-QA55Q80BAKXXV-Mi%E1%BB%85n-ph%C3%AD-l%E1%BA%AFp-%C4%91%E1%BA%B7t-i.65589552.21643101901
1686550060,2023-06-12 06:07:40,21643101901,49063902,,0,2,1,normal,14,0,shopee,https://shopee.vn/Smart-Tivi-QLED-Samsung-4K-55-Inch-QA55Q80BAKXXV-Mi%E1%BB%85n-ph%C3%AD-l%E1%BA%AFp-%C4%91%E1%BA%B7t-i.65589552.21643101901
1686551622,2023-06-12 06:33:42,21643101901,39033760,,0,2,1,normal,27,0,shopee,https://shopee.vn/Smart-Tivi-QLED-Samsung-4K-55-Inch-QA55Q80BAKXXV-Mi%E1%BB%85n-ph%C3%AD-l%E1%BA%AFp-%C4%91%E1%BA%B7t-i.65589552.21643101901
1686553444,2023-06-12 07:04:04,21643101901,40669730,,0,2,1,normal,21,0,shopee,https://shopee.vn/Smart-Tivi-QLED-Samsung-4K-55-Inch-QA55Q80BAKXXV-Mi%E1%BB%85n-ph%C3%AD-l%E1%BA%AFp-%C4%91%E1%BA%B7t-i.65589552.21643101901
1686555100,2023-06-12 07:31:40,21643101901,45534027,,0,2,1,normal,24,0,shopee,https://shopee.vn/Smart-Tivi-QLED-Samsung-4K-55-Inch-QA55Q80BAKXXV-Mi%E1%BB%85n-ph%C3%AD-l%E1%BA%AFp-%C4%91%E1%BA%B7t-i.65589552.21643101901
1686557274,2023-06-12 08:07:54,21643101901,45433293,,0,2,1,normal,22,0,shopee,https://shopee.vn/Smart-Tivi-QLED-Samsung-4K-55-Inch-QA55Q80BAKXXV-Mi%E1%BB%85n-ph%C3%AD-l%E1%BA%AFp-%C4%91%E1%BA%B7t-i.65589552.21643101901
1686558707,2023-06-12 08:31:47,21643101901,45854211,,0,2,1,normal,23,0,shopee,https://shopee.vn/Smart-Tivi-QLED-Samsung-4K-55-Inch-QA55Q80BAKXXV-Mi%E1%BB%85n-ph%C3%AD-l%E1%BA%AFp-%C4%91%E1%BA%B7t-i.65589552.21643101901
1686560692,2023-06-12 09:04:52,21643101901,39212265,,0,2,1,normal,18,0,shopee,https://shopee.vn/Smart-Tivi-QLED-Samsung-4K-55-Inch-QA55Q80BAKXXV-Mi%E1%BB%85n-ph%C3%AD-l%E1%BA%AFp-%C4%91%E1%BA%B7t-i.65589552.21643101901
1686562284,2023-06-12 09:31:24,21643101901,37935431,,0,2,1,normal,14,0,shopee,https://shopee.vn/Smart-Tivi-QLED-Samsung-4K-55-Inch-QA55Q80BAKXXV-Mi%E1%BB%85n-ph%C3%AD-l%E1%BA%AFp-%C4%91%E1%BA%B7t-i.65589552.21643101901
1686564333,2023-06-12 10:05:33,21643101901,47824253,,0,2,1,normal,23,0,shopee,https://shopee.vn/Smart-Tivi-QLED-Samsung-4K-55-Inch-QA55Q80BAKXXV-Mi%E1%BB%85n-ph%C3%AD-l%E1%BA%AFp-%C4%91%E1%BA%B7t-i.65589552.21643101901
1686566060,2023-06-12 10:34:20,21643101901,39160276,,0,2,1,normal,24,0,shopee,https://shopee.vn/Smart-Tivi-QLED-Samsung-4K-55-Inch-QA55Q80BAKXXV-Mi%E1%BB%85n-ph%C3%AD-l%E1%BA%AFp-%C4%91%E1%BA%B7t-i.65589552.21643101901
1686567752,2023-06-12 11:02:32,21643101901,42363324,,0,2,1,normal,24,0,shopee,https://shopee.vn/Smart-Tivi-QLED-Samsung-4K-55-Inch-QA55Q80BAKXXV-Mi%E1%BB%85n-ph%C3%AD-l%E1%BA%AFp-%C4%91%E1%BA%B7t-i.65589552.21643101901
1686569486,2023-06-12 11:31:26,21643101901,43768069,,0,2,1,normal,25,0,shopee,https://shopee.vn/Smart-Tivi-QLED-Samsung-4K-55-Inch-QA55Q80BAKXXV-Mi%E1%BB%85n-ph%C3%AD-l%E1%BA%AFp-%C4%91%E1%BA%B7t-i.65589552.21643101901
1686571833,2023-06-12 12:10:33,21643101901,44484359,,0,2,1,normal,24,0,shopee,https://shopee.vn/Smart-Tivi-QLED-Samsung-4K-55-Inch-QA55Q80BAKXXV-Mi%E1%BB%85n-ph%C3%AD-l%E1%BA%AFp-%C4%91%E1%BA%B7t-i.65589552.21643101901
1686574042,2023-06-12 12:47:22,21643101901,42538405,,0,2,1,normal,20,0,shopee,https://shopee.vn/Smart-Tivi-QLED-Samsung-4K-55-Inch-QA55Q80BAKXXV-Mi%E1%BB%85n-ph%C3%AD-l%E1%BA%AFp-%C4%91%E1%BA%B7t-i.65589552.21643101901
1686575315,2023-06-12 13:08:35,21643101901,43596294,,0,2,1,normal,20,0,shopee,https://shopee.vn/Smart-Tivi-QLED-Samsung-4K-55-Inch-QA55Q80BAKXXV-Mi%E1%BB%85n-ph%C3%AD-l%E1%BA%AFp-%C4%91%E1%BA%B7t-i.65589552.21643101901
1686576691,2023-06-12 13:31:31,21643101901,48256463,,0,2,1,normal,24,0,shopee,https://shopee.vn/Smart-Tivi-QLED-Samsung-4K-55-Inch-QA55Q80BAKXXV-Mi%E1%BB%85n-ph%C3%AD-l%E1%BA%AFp-%C4%91%E1%BA%B7t-i.65589552.21643101901
1686578592,2023-06-12 14:03:12,21643101901,41529648,,0,2,1,normal,14,0,shopee,https://shopee.vn/Smart-Tivi-QLED-Samsung-4K-55-Inch-QA55Q80BAKXXV-Mi%E1%BB%85n-ph%C3%AD-l%E1%BA%AFp-%C4%91%E1%BA%B7t-i.65589552.21643101901
1686580274,2023-06-12 14:31:14,21643101901,38435141,,0,2,1,normal,26,0,shopee,https://shopee.vn/Smart-Tivi-QLED-Samsung-4K-55-Inch-QA55Q80BAKXXV-Mi%E1%BB%85n-ph%C3%AD-l%E1%BA%AFp-%C4%91%E1%BA%B7t-i.65589552.21643101901
1686582234,2023-06-12 15:03:54,21643101901,42381561,,0,2,1,normal,27,0,shopee,https://shopee.vn/Smart-Tivi-QLED-Samsung-4K-55-Inch-QA55Q80BAKXXV-Mi%E1%BB%85n-ph%C3%AD-l%E1%BA%AFp-%C4%91%E1%BA%B7t-i.65589552.21643101901
1686583874,2023-06-12 15:31:14,21643101901,47815373,,0,2,1,normal,22,0,shopee,https://shopee.vn/Smart-Tivi-QLED-Samsung-4K-55-Inch-QA55Q80BAKXXV-Mi%E1%BB%85n-ph%C3%AD-l%E1%BA%AFp-%C4%91%E1%BA%B7t-i.65589552.21643101901
1686585841,2023-06-12 16:04:01,21643101901,36908665,,0,2,1,normal,17,0,shopee,https://shopee.vn/Smart-Tivi-QLED-Samsung-4K-55-Inch-QA55Q80BAKXXV-Mi%E1%BB%85n-ph%C3%AD-l%E1%BA%AFp-%C4%91%E1%BA%B7t-i.65589552.21643101901
1686587781,2023-06-12 16:36:21,21643101901,41157499,,0,2,1,normal,23,0,shopee,https://shopee.vn/Smart-Tivi-QLED-Samsung-4K-55-Inch-QA55Q80BAKXXV-Mi%E1%BB%85n-ph%C3%AD-l%E1%BA%AFp-%C4%91%E1%BA%B7t-i.65589552.21643101901
1686589390,2023-06-12 17:03:10,21643101901,46347676,,0,2,1,normal,24,0,shopee,https://shopee.vn/Smart-Tivi-QLED-Samsung-4K-55-Inch-QA55Q80BAKXXV-Mi%E1%BB%85n-ph%C3%AD-l%E1%BA%AFp-%C4%91%E1%BA%B7t-i.65589552.21643101901
1686591095,2023-06-12 17:31:35,21643101901,47444018,,0,2,1,normal,19,0,shopee,https://shopee.vn/Smart-Tivi-QLED-Samsung-4K-55-Inch-QA55Q80BAKXXV-Mi%E1%BB%85n-ph%C3%AD-l%E1%BA%AFp-%C4%91%E1%BA%B7t-i.65589552.21643101901
1686593235,2023-06-12 18:07:15,21643101901,49040341,,0,2,1,normal,27,0,shopee,https://shopee.vn/Smart-Tivi-QLED-Samsung-4K-55-Inch-QA55Q80BAKXXV-Mi%E1%BB%85n-ph%C3%AD-l%E1%BA%AFp-%C4%91%E1%BA%B7t-i.65589552.21643101901
1686594706,2023-06-12 18:31:46,21643101901,36790263,,0,2,1,normal,23,0,shopee,https://shopee.vn/Smart-Tivi-QLED-Samsung-4K-55-Inch-QA55Q80BAKXXV-Mi%E1%BB%85n-ph%C3%AD-l%E1%BA%AFp-%C4%91%E1%BA%B7t-i.65589552.21643101901
1686596518,2023-06-12 19:01:58,21643101901,42585000,,0,2,1,normal,15,0,shopee,https://shopee.vn/Smart-Tivi-QLED-Samsung-4K-55-Inch-QA55Q80BAKXXV-Mi%E1%BB%85n-ph%C3%AD-l%E1%BA%AFp-%C4%91%E1%BA%B7t-i.65589552.21643101901
1686598312,2023-06-12 19:31:52,21643101901,45117574,,0,2,1,normal,27,0,shopee,https://shopee.vn/Smart-Tivi-QLED-Samsung-4K-55-Inch-QA55Q80BAKXXV-Mi%E1%BB%85n-ph%C3%AD-l%E1%BA%AFp-%C4%91%E1%BA%B7t-i.65589552.21643101901
1686600272,2023-06-12 20:04:32,21643101901,41258334,,0,2,1,normal,15,0,shopee,https://shopee.vn/Smart-Tivi-QLED-Samsung-4K-55-Inch-QA55Q80BAKXXV-Mi%E1%BB%85n-ph%C3%AD-l%E1%BA%AFp-%C4%91%E1%BA%B7t-i.65589552.21643101901
1686601886,2023-06-12 20:31:26,21643101901,40133793,,0,2,1,normal,16,0,shopee,https://shopee.vn/Smart-Tivi-QLED-Samsung-4K-55-Inch-QA55Q80BAKXXV-Mi%E1%BB%85n-ph%C3%AD-l%E1%BA%AFp-%C4%91%E1%BA%B7t-i.65589552.21643101901
1686603827,2023-06-12 21:03:47,21643101901,39473242,,0,2,1,normal,20,0,shopee,https://shopee.vn/Smart-Tivi-QLED-Samsung-4K-55-Inch-QA55Q80BAKXXV-Mi%E1%BB%85n-ph%C3%AD-l%E1%BA%AFp-%C4%91%E1%BA%B7t-i.65589552.21643101901
1686605484,2023-06-12 21:31:24,21643101901,49141423,,0,2,1,normal,16,0,shopee,https://shopee.vn/Smart-Tivi-QLED-Samsung-4K-55-Inch-QA55Q80BAKXXV-Mi%E1%BB%85n-ph%C3%AD-l%E1%BA%AFp-%C4%91%E1%BA%B7t-i.65589552.21643101901
1686607401,2023-06-12 22:03:21,21643101901,37982232,,0,2,1,normal,19,0,shopee,https://shopee.vn/Smart-Tivi-QLED-Samsung-4K-55-Inch-QA55Q80BAKXXV-Mi%E1%BB%85n-ph%C3%AD-l%E1%BA%AFp-%C4%91%E1%BA%B7t-i.65589552.21643101901
1686609089,2023-06-12 22:31:29,21643101901,41866403,,0,2,1,normal,15,0,shopee,https://shopee.vn/Smart-Tivi-QLED-Samsung-4K-55-Inch-QA55Q80BAKXXV-Mi%E1%BB%85n-ph%C3%AD-l%E1%BA%AFp-%C4%91%E1%BA%B7t-i.65589552.21643101901
1686611020,2023-06-12 23:03:40,21643101901,46947645,,0,2,1,normal,21,0,shopee,https://shopee.vn/Smart-Tivi-QLED-Samsung-4K-55-Inch-QA55Q80BAKXXV-Mi%E1%BB%85n-ph%C3%AD-l%E1%BA%AFp-%C4%91%E1%BA%B7t-i.65589552.21643101901
1686612683,2023-06-12 23:31:23,21643101901,43974181,,0,2,1,normal,19,0,shopee,https://shopee.vn/Smart-Tivi-QLED-Samsung-4K-55-Inch-QA55Q80BAKXXV-Mi%E1%BB%85n-ph%C3%AD-l%E1%BA%AFp-%C4%91%E1%BA%B7t-i.65589552.21643101901
1686616471,2023-06-13 00:34:31,21643101901,41777699,,0,2,1,normal,24,0,shopee,https://shopee.vn/Smart-Tivi-QLED-Samsung-4K-55-Inch-QA55Q80BAKXXV-Mi%E1%BB%85n-ph%C3%AD-l%E1%BA%AFp-%C4%91%E1%BA%B7t-i.65589552.21643101901
1686622113,2023-06-13 02:08:33,21643101901,45573336,,0,2,1,normal,15,0,shopee,https://shopee.vn/Smart-Tivi-QLED-Samsung-4K-55-Inch-QA55Q80BAKXXV-Mi%E1%BB%85n-ph%C3%AD-l%E1%BA%AFp-%C4%91%E1%BA%B7t-i.65589552.21643101901
1686624616,2023-06-13 02:50:16,21643101901,41251939,,0,2,1,normal,17,0,shopee,https://shopee.vn/Smart-Tivi-QLED-Samsung-4K-55-Inch-QA55Q80BAKXXV-Mi%E1%BB%85n-ph%C3%AD-l%E1%BA%AFp-%C4%91%E1%BA%B7t-i.65589552.21643101901
1686625560,2023-06-13 03:06:00,21643101901,37783723,,0,2,1,normal,23,0,shopee,https://shopee.vn/Smart-Tivi-QLED-Samsung-4K-55-Inch-QA55Q80BAKXXV-Mi%E1%BB%85n-ph%C3%AD-l%E1%BA%AFp-%C4%91%E1%BA%B7t-i.65589552.21643101901
1686627095,2023-06-13 03:31:35,21643101901,46176637,,0,2,1,normal,19,0,shopee,https://shopee.vn/Smart-Tivi-QLED-Samsung-4K-55-Inch-QA55Q80BAKXXV-Mi%E1%BB%85n-ph%C3%AD-l%E1%BA%AFp-%C4%91%E1%BA%B7t-i.65589552.21643101901
1686629230,2023-06-13 04:07:10,21643101901,38396234,,0,2,1,normal,27,0,shopee,https://shopee.vn/Smart-Tivi-QLED-Samsung-4K-55-Inch-QA55Q80BAKXXV-Mi%E1%BB%85n-ph%C3%AD-l%E1%BA%AFp-%C4%91%E1%BA%B7t-i.65589552.21643101901
1686630719,2023-06-13 04:31:59,21643101901,39724001,,0,2,1,normal,18,0,shopee,https://shopee.vn/Smart-Tivi-QLED-Samsung-4K-55-Inch-QA55Q80BAKXXV-Mi%E1%BB%85n-ph%C3%AD-l%E1%BA%AFp-%C4%91%E1%BA%B7t-i.65589552.21643101901
1686632641,2023-06-13 05:04:01,21643101901,43374567,,0,2,1,normal,23,0,shopee,https://shopee.vn/Smart-Tivi-QLED-Samsung-4K-55-Inch-QA55Q80BAKXXV-Mi%E1%BB%85n-ph%C3%AD-l%E1%BA%AFp-%C4%91%E1%BA%B7t-i.65589552.21643101901
1686634272,2023-06-13 05:31:12,21643101901,46739144,,0,2,1,normal,20,0,shopee,https://shopee.vn/Smart-Tivi-QLED-Samsung-4K-55-Inch-QA55Q80BAKXXV-Mi%E1%BB%85n-ph%C3%AD-l%E1%BA%AFp-%C4%91%E1%BA%B7t-i.65589552.21643101901
1686636467,2023-06-13 06:07:47,21643101901,40375087,,0,2,1,normal,17,0,shopee,https://shopee.vn/Smart-Tivi-QLED-Samsung-4K-55-Inch-QA55Q80BAKXXV-Mi%E1%BB%85n-ph%C3%AD-l%E1%BA%AFp-%C4%91%E1%BA%B7t-i.65589552.21643101901
1686637962,2023-06-13 06:32:42,21643101901,40533230,,0,2,1,normal,27,0,shopee,https://shopee.vn/Smart-Tivi-QLED-Samsung-4K-55-Inch-QA55Q80BAKXXV-Mi%E1%BB%85n-ph%C3%AD-l%E1%BA%AFp-%C4%91%E1%BA%B7t-i.65589552.21643101901
1686639817,2023-06-13 07:03:37,21643101901,37223228,,0,2,1,normal,26,0,shopee,https://shopee.vn/Smart-Tivi-QLED-Samsung-4K-55-Inch-QA55Q80BAKXXV-Mi%E1%BB%85n-ph%C3%AD-l%E1%BA%AFp-%C4%91%E1%BA%B7t-i.65589552.21643101901
1686641482,2023-06-13 07:31:22,21643101901,41183477,,0,2,1,normal,17,0,shopee,https://shopee.vn/Smart-Tivi-QLED-Samsung-4K-55-Inch-QA55Q80BAKXXV-Mi%E1%BB%85n-ph%C3%AD-l%E1%BA%AFp-%C4%91%E1%BA%B7t-i.65589552.21643101901
1686643673,2023-06-13 08:07:53,21643101901,38835092,,0,2,1,normal,14,0,shopee,https://shopee.vn/Smart-Tivi-QLED-Samsung-4K-55-Inch-QA55Q80BAKXXV-Mi%E1%BB%85n-ph%C3%AD-l%E1%BA%AFp-%C4%91%E1%BA%B7t-i.65589552.21643101901
1686645103,2023-06-13 08:31:43,21643101901,39561234,,0,2,1,normal,17,0,shopee,https://shopee.vn/Smart-Tivi-QLED-Samsung-4K-55-Inch-QA55Q80BAKXXV-Mi%E1%BB%85n-ph%C3%AD-l%E1%BA%AFp-%C4%91%E1%BA%B7t-i.65589552.21643101901
1686647057,2023-06-13 09:04:17,21643101901,48246782,,0,2,1,normal,25,0,shopee,https://shopee.vn/Smart-Tivi-QLED-Samsung-4K-55-Inch-QA55Q80BAKXXV-Mi%E1%BB%85n-ph%C3%AD-l%E1%BA%AFp-%C4%91%E1%BA%B7t-i.65589552.21643101901
1686648685,2023-06-13 09:31:25,21643101901,48808397,,0,2,1,normal,24,0,shopee,https://shopee.vn/Smart-Tivi-QLED-Samsung-4K-55-Inch-QA55Q80BAKXXV-Mi%E1%BB%85n-ph%C3%AD-l%E1%BA%AFp-%C4%91%E1%BA%B7t-i.65589552.21643101901
1686650672,2023-06-13 10:04:32,21643101901,36390517,,0,2,1,normal,24,0,shopee,https://shopee.vn/Smart-Tivi-QLED-Samsung-4K-55-Inch-QA55Q80BAKXXV-Mi%E1%BB%85n-ph%C3%AD-l%E1%BA%AFp-%C4%91%E1%BA%B7t-i.65589552.21643101901
1686652315,2023-06-13 10:31:55,21643101901,41174787,,0,2,1,normal,18,0,shopee,https://shopee.vn/Smart-Tivi-QLED-Samsung-4K-55-Inch-QA55Q80BAKXXV-Mi%E1%BB%85n-ph%C3%AD-l%E1%BA%AFp-%C4%91%E1%BA%B7t-i.65589552.21643101901
